2000 12 13 15 01 00.776811 1 35.963830 -117.685644 2.885 1.000 0 0 0 0 0 0 0 0 0 0 0 35.963830 -117.685644 2.885
2000 12 13 15 02 01.054060 2 36.056271 -117.844433 4.127 1.000 0 0 0 0 0 0 0 0 0 0 0 36.056271 -117.844433 4.127
2000 12 13 15 03 00.864490 3 35.895047 -117.725287 5.975 1.000 0 0 0 0 0 0 0 0 0 0 0 35.895047 -117.725287 5.975
2000 12 13 15 04 01.071511 4 35.895421 -117.728044 4.728 1.000 0 0 0 0 0 0 0 0 0 0 0 35.895421 -117.728044 4.728
2000 12 13 15 05 00.877407 5 35.910494 -117.700669 6.634 1.000 0 0 0 0 0 0 0 0 0 0 0 35.910494 -117.700669 6.634
2000 12 13 15 06 01.085836 6 35.666631 -117.517896 7.539 1.000 0 0 0 0 0 0 0 0 0 0 0 35.666631 -117.517896 7.539
2000 12 13 15 07 00.990937 7 35.560423 -117.326097 3.544 1.000 0 0 0 0 0 0 0 0 0 0 0 35.560423 -117.326097 3.544
2000 12 13 15 08 00.993944 8 36.037199 -117.864313 3.716 1.000 0 0 0 0 0 0 0 0 0 0 0 36.037199 -117.864313 3.716
2000 12 13 15 09 00.893135 9 35.954578 -117.686349 3.152 1.000 0 0 0 0 0 0 0 0 0 0 0 35.954578 -117.686349 3.152
2000 12 13 15 10 01.369037 10 35.587776 -117.597897 7.087 1.000 0 0 0 0 0 0 0 0 0 0 0 35.587776 -117.597897 7.087
2000 12 13 15 11 00.322246 11 35.937424 -117.667680 3.918 1.000 0 0 0 0 0 0 0 0 0 0 0 35.937424 -117.667680 3.918
2000 12 13 15 12 01.175925 12 35.583129 -117.609905 5.597 1.000 0 0 0 0 0 0 0 0 0 0 0 35.583129 -117.609905 5.597
2000 12 13 15 13 00.912391 13 35.910327 -117.674301 3.832 1.000 0 0 0 0 0 0 0 0 0 0 0 35.910327 -117.674301 3.832
2000 12 13 15 14 00.935329 14 35.673308 -117.472013 5.188 1.000 0 0 0 0 0 0 0 0 0 0 0 35.673308 -117.472013 5.188
2000 12 13 15 15 00.864092 15 35.700785 -117.521506 7.037 1.000 0 0 0 0 0 0 0 0 0 0 0 35.700785 -117.521506 7.037
2000 12 13 15 16 01.022371 16 35.684180 -117.478566 2.858 1.000 0 0 0 0 0 0 0 0 0 0 0 35.684180 -117.478566 2.858
2000 12 13 15 17 00.832376 17 35.874362 -117.676061 7.324 1.000 0 0 0 0 0 0 0 0 0 0 0 35.874362 -117.676061 7.324
2000 12 13 15 18 00.899712 18 35.654615 -117.538283 8.669 1.000 0 0 0 0 0 0 0 0 0 0 0 35.654615 -117.538283 8.669
2000 12 13 15 19 01.034231 19 35.628013 -117.429904 6.186 1.000 0 0 0 0 0 0 0 0 0 0 0 35.628013 -117.429904 6.186
2000 12 13 15 20 01.113122 20 35.888310 -117.677542 4.852 1.000 0 0 0 0 0 0 0 0 0 0 0 35.888310 -117.677542 4.852
2000 12 13 15 21 01.533228 21 35.584693 -117.423512 4.475 1.000 0 0 0 0 0 0 0 0 0 0 0 35.584693 -117.423512 4.475
2000 12 13 15 22 01.045187 22 35.588570 -117.576976 6.798 1.000 0 0 0 0 0 0 0 0 0 0 0 35.588570 -117.576976 6.798
2000 12 13 15 23 00.818894 23 35.700978 -117.519934 7.805 1.000 0 0 0 0 0 0 0 0 0 0 0 35.700978 -117.519934 7.805
2000 12 13 15 24 00.949720 24 35.920346 -117.706216 6.872 1.000 0 0 0 0 0 0 0 0 0 0 0 35.920346 -117.706216 6.872
2000 12 13 15 25 00.977540 25 35.879614 -117.685301 7.449 1.000 0 0 0 0 0 0 0 0 0 0 0 35.879614 -117.685301 7.449
2000 12 13 15 26 00.962047 26 35.642650 -117.447825 7.559 1.000 0 0 0 0 0 0 0 0 0 0 0 35.642650 -117.447825 7.559
2000 12 13 15 27 00.788361 27 35.608314 -117.590475 5.606 1.000 0 0 0 0 0 0 0 0 0 0 0 35.608314 -117.590475 5.606
2000 12 13 15 28 01.200766 28 35.871242 -117.705623 5.257 1.000 0 0 0 0 0 0 0 0 0 0 0 35.871242 -117.705623 5.257
2000 12 13 15 29 01.209007 29 35.866550 -117.687638 5.492 1.000 0 0 0 0 0 0 0 0 0 0 0 35.866550 -117.687638 5.492
2000 12 13 15 30 01.171948 30 35.566224 -117.593785 6.945 1.000 0 0 0 0 0 0 0 0 0 0 0 35.566224 -117.593785 6.945
2000 12 13 15 31 01.056624 31 35.661881 -117.490013 4.587 1.000 0 0 0 0 0 0 0 0 0 0 0 35.661881 -117.490013 4.587
2000 12 13 15 32 00.971520 32 35.679425 -117.481150 5.698 1.000 0 0 0 0 0 0 0 0 0 0 0 35.679425 -117.481150 5.698
2000 12 13 15 33 00.798017 33 35.961491 -117.705545 3.721 1.000 0 0 0 0 0 0 0 0 0 0 0 35.961491 -117.705545 3.721
2000 12 13 15 34 00.807907 34 35.723988 -117.545577 5.715 1.000 0 0 0 0 0 0 0 0 0 0 0 35.723988 -117.545577 5.715
2000 12 13 15 35 00.990151 35 35.864759 -117.696181 5.960 1.000 0 0 0 0 0 0 0 0 0 0 0 35.864759 -117.696181 5.960
2000 12 13 15 36 00.760686 36 35.897841 -117.748313 6.673 1.000 0 0 0 0 0 0 0 0 0 0 0 35.897841 -117.748313 6.673
2000 12 13 15 37 00.745621 37 35.709742 -117.589668 7.055 1.000 0 0 0 0 0 0 0 0 0 0 0 35.709742 -117.589668 7.055
2000 12 13 15 38 00.987923 38 35.653264 -117.496236 7.291 1.000 0 0 0 0 0 0 0 0 0 0 0 35.653264 -117.496236 7.291
2000 12 13 15 39 01.120835 39 35.756810 -117.563858 6.126 1.000 0 0 0 0 0 0 0 0 0 0 0 35.756810 -117.563858 6.126
2000 12 13 15 40 01.168139 40 35.917192 -117.711500 4.708 1.000 0 0 0 0 0 0 0 0 0 0 0 35.917192 -117.711500 4.708
2000 12 13 15 41 00.812884 41 35.874237 -117.695750 3.954 1.000 0 0 0 0 0 0 0 0 0 0 0 35.874237 -117.695750 3.954
2000 12 13 15 42 01.196597 42 35.679129 -117.494785 0.627 1.000 0 0 0 0 0 0 0 0 0 0 0 35.679129 -117.494785 0.627
2000 12 13 15 43 00.971143 43 35.879693 -117.688228 7.390 1.000 0 0 0 0 0 0 0 0 0 0 0 35.879693 -117.688228 7.390
2000 12 13 15 44 00.996200 44 35.948557 -117.695312 4.819 1.000 0 0 0 0 0 0 0 0 0 0 0 35.948557 -117.695312 4.819
2000 12 13 15 45 01.147160 45 35.657534 -117.486234 5.438 1.000 0 0 0 0 0 0 0 0 0 0 0 35.657534 -117.486234 5.438
2000 12 13 15 46 01.100465 46 35.604427 -117.583434 4.764 1.000 0 0 0 0 0 0 0 0 0 0 0 35.604427 -117.583434 4.764
2000 12 13 15 47 01.153169 47 35.865213 -117.683378 8.930 1.000 0 0 0 0 0 0 0 0 0 0 0 35.865213 -117.683378 8.930
2000 12 13 15 48 00.563619 48 35.729416 -117.534298 3.670 1.000 0 0 0 0 0 0 0 0 0 0 0 35.729416 -117.534298 3.670
2000 12 13 15 49 01.081059 49 35.911134 -117.717842 4.104 1.000 0 0 0 0 0 0 0 0 0 0 0 35.911134 -117.717842 4.104
2000 12 13 15 50 01.171201 50 35.597442 -117.596788 4.392 1.000 0 0 0 0 0 0 0 0 0 0 0 35.597442 -117.596788 4.392
2000 12 13 15 51 01.249136 51 35.981851 -117.678310 2.863 1.000 0 0 0 0 0 0 0 0 0 0 0 35.981851 -117.678310 2.863
2000 12 13 15 52 01.438764 52 35.662894 -117.500105 5.190 1.000 0 0 0 0 0 0 0 0 0 0 0 35.662894 -117.500105 5.190
2000 12 13 15 53 00.874584 53 35.947702 -117.695375 3.863 1.000 0 0 0 0 0 0 0 0 0 0 0 35.947702 -117.695375 3.863
2000 12 13 15 54 01.053906 54 35.695455 -117.547355 8.062 1.000 0 0 0 0 0 0 0 0 0 0 0 35.695455 -117.547355 8.062
2000 12 13 15 55 01.160674 55 35.952242 -117.698355 3.857 1.000 0 0 0 0 0 0 0 0 0 0 0 35.952242 -117.698355 3.857
2000 12 13 15 56 00.975329 56 35.747108 -117.533102 7.017 1.000 0 0 0 0 0 0 0 0 0 0 0 35.747108 -117.533102 7.017
2000 12 13 15 57 00.926527 57 35.990431 -117.676784 2.430 1.000 0 0 0 0 0 0 0 0 0 0 0 35.990431 -117.676784 2.430
2000 12 13 15 58 01.066904 58 35.751900 -117.577940 8.264 1.000 0 0 0 0 0 0 0 0 0 0 0 35.751900 -117.577940 8.264
2000 12 13 15 59 01.043931 59 35.929302 -117.699381 4.791 1.000 0 0 0 0 0 0 0 0 0 0 0 35.929302 -117.699381 4.791
2000 12 13 16 00 01.067555 60 35.875942 -117.692592 4.278 1.000 0 0 0 0 0 0 0 0 0 0 0 35.875942 -117.692592 4.278
2000 12 13 16 01 00.659483 61 35.891780 -117.724092 6.252 1.000 0 0 0 0 0 0 0 0 0 0 0 35.891780 -117.724092 6.252
2000 12 13 16 02 01.022675 62 35.632796 -117.430632 2.877 1.000 0 0 0 0 0 0 0 0 0 0 0 35.632796 -117.430632 2.877
2000 12 13 16 03 00.590615 63 35.869911 -117.671194 9.491 1.000 0 0 0 0 0 0 0 0 0 0 0 35.869911 -117.671194 9.491
2000 12 13 16 04 01.294853 64 35.624910 -117.594471 7.765 1.000 0 0 0 0 0 0 0 0 0 0 0 35.624910 -117.594471 7.765
2000 12 13 16 05 01.096430 65 36.045222 -117.844060 3.720 1.000 0 0 0 0 0 0 0 0 0 0 0 36.045222 -117.844060 3.720
2000 12 13 16 06 00.897635 66 35.597070 -117.592284 5.038 1.000 0 0 0 0 0 0 0 0 0 0 0 35.597070 -117.592284 5.038
2000 12 13 16 07 00.873310 67 35.640839 -117.444730 4.519 1.000 0 0 0 0 0 0 0 0 0 0 0 35.640839 -117.444730 4.519
2000 12 13 16 08 00.959347 68 35.922406 -117.717159 5.550 1.000 0 0 0 0 0 0 0 0 0 0 0 35.922406 -117.717159 5.550
2000 12 13 16 09 00.830672 69 35.646774 -117.444832 3.726 1.000 0 0 0 0 0 0 0 0 0 0 0 35.646774 -117.444832 3.726
2000 12 13 16 10 00.871675 70 35.716103 -117.536379 8.042 1.000 0 0 0 0 0 0 0 0 0 0 0 35.716103 -117.536379 8.042
2000 12 13 16 11 01.222596 71 35.721528 -117.528885 5.884 1.000 0 0 0 0 0 0 0 0 0 0 0 35.721528 -117.528885 5.884
2000 12 13 16 12 00.814710 72 35.667008 -117.518369 8.205 1.000 0 0 0 0 0 0 0 0 0 0 0 35.667008 -117.518369 8.205
2000 12 13 16 13 01.237278 73 35.918195 -117.688659 4.602 1.000 0 0 0 0 0 0 0 0 0 0 0 35.918195 -117.688659 4.602
2000 12 13 16 14 01.254394 74 35.919740 -117.730098 5.072 1.000 0 0 0 0 0 0 0 0 0 0 0 35.919740 -117.730098 5.072
2000 12 13 16 15 01.163542 75 35.742377 -117.568461 4.394 1.000 0 0 0 0 0 0 0 0 0 0 0 35.742377 -117.568461 4.394
2000 12 13 16 16 01.113997 76 35.590449 -117.429985 4.704 1.000 0 0 0 0 0 0 0 0 0 0 0 35.590449 -117.429985 4.704
2000 12 13 16 17 00.807980 77 35.951695 -117.680331 3.335 1.000 0 0 0 0 0 0 0 0 0 0 0 35.951695 -117.680331 3.335
2000 12 13 16 18 00.877569 78 35.919518 -117.720157 6.419 1.000 0 0 0 0 0 0 0 0 0 0 0 35.919518 -117.720157 6.419
2000 12 13 16 19 00.861191 79 35.901047 -117.677212 4.339 1.000 0 0 0 0 0 0 0 0 0 0 0 35.901047 -117.677212 4.339
2000 12 13 16 20 00.808586 80 35.645805 -117.474491 4.704 1.000 0 0 0 0 0 0 0 0 0 0 0 35.645805 -117.474491 4.704
2000 12 13 16 21 00.972550 81 35.637956 -117.429098 5.581 1.000 0 0 0 0 0 0 0 0 0 0 0 35.637956 -117.429098 5.581
2000 12 13 16 22 01.066030 82 35.594543 -117.418504 5.387 1.000 0 0 0 0 0 0 0 0 0 0 0 35.594543 -117.418504 5.387
2000 12 13 16 23 00.677978 83 35.662669 -117.470322 2.674 1.000 0 0 0 0 0 0 0 0 0 0 0 35.662669 -117.470322 2.674
2000 12 13 16 24 00.938396 84 35.674660 -117.450992 4.784 1.000 0 0 0 0 0 0 0 0 0 0 0 35.674660 -117.450992 4.784
2000 12 13 16 25 01.008488 85 35.861644 -117.699684 4.978 1.000 0 0 0 0 0 0 0 0 0 0 0 35.861644 -117.699684 4.978
2000 12 13 16 26 00.903034 86 35.666720 -117.474142 6.046 1.000 0 0 0 0 0 0 0 0 0 0 0 35.666720 -117.474142 6.046
2000 12 13 16 27 01.035618 87 35.704246 -117.539774 4.940 1.000 0 0 0 0 0 0 0 0 0 0 0 35.704246 -117.539774 4.940
2000 12 13 16 28 00.959453 88 35.892828 -117.690575 4.169 1.000 0 0 0 0 0 0 0 0 0 0 0 35.892828 -117.690575 4.169
2000 12 13 16 29 01.163871 89 35.884209 -117.706542 4.879 1.000 0 0 0 0 0 0 0 0 0 0 0 35.884209 -117.706542 4.879
2000 12 13 16 30 01.168844 90 35.622208 -117.435302 6.037 1.000 0 0 0 0 0 0 0 0 0 0 0 35.622208 -117.435302 6.037
2000 12 13 16 31 00.680941 91 35.902674 -117.677048 3.048 1.000 0 0 0 0 0 0 0 0 0 0 0 35.902674 -117.677048 3.048
2000 12 13 16 32 01.355374 92 35.666092 -117.485030 2.402 1.000 0 0 0 0 0 0 0 0 0 0 0 35.666092 -117.485030 2.402
2000 12 13 16 33 00.987894 93 35.943855 -117.696727 3.544 1.000 0 0 0 0 0 0 0 0 0 0 0 35.943855 -117.696727 3.544
2000 12 13 16 34 00.936503 94 35.644358 -117.450996 2.259 1.000 0 0 0 0 0 0 0 0 0 0 0 35.644358 -117.450996 2.259
2000 12 13 16 35 00.743294 95 35.893347 -117.709424 6.937 1.000 0 0 0 0 0 0 0 0 0 0 0 35.893347 -117.709424 6.937
2000 12 13 16 36 00.834679 96 35.717209 -117.481665 5.395 1.000 0 0 0 0 0 0 0 0 0 0 0 35.717209 -117.481665 5.395
2000 12 13 16 37 00.755168 97 35.668316 -117.480578 2.783 1.000 0 0 0 0 0 0 0 0 0 0 0 35.668316 -117.480578 2.783
2000 12 13 16 38 01.254791 98 35.880594 -117.688679 7.318 1.000 0 0 0 0 0 0 0 0 0 0 0 35.880594 -117.688679 7.318
2000 12 13 16 39 00.528139 99 35.930498 -117.711611 6.930 1.000 0 0 0 0 0 0 0 0 0 0 0 35.930498 -117.711611 6.930
2000 12 13 16 40 00.759561 100 35.644753 -117.443027 2.508 1.000 0 0 0 0 0 0 0 0 0 0 0 35.644753 -117.443027 2.508
2000 12 13 16 41 01.156760 101 36.016493 -117.846421 3.037 1.000 0 0 0 0 0 0 0 0 0 0 0 36.016493 -117.846421 3.037
2000 12 13 16 42 00.852891 102 35.772465 -117.562044 6.339 1.000 0 0 0 0 0 0 0 0 0 0 0 35.772465 -117.562044 6.339
2000 12 13 16 43 01.253086 103 35.890102 -117.715753 4.719 1.000 0 0 0 0 0 0 0 0 0 0 0 35.890102 -117.715753 4.719
2000 12 13 16 44 00.976037 104 35.960218 -117.672277 0.149 1.000 0 0 0 0 0 0 0 0 0 0 0 35.960218 -117.672277 0.149
2000 12 13 16 45 00.846849 105 35.680896 -117.549726 7.137 1.000 0 0 0 0 0 0 0 0 0 0 0 35.680896 -117.549726 7.137
2000 12 13 16 46 01.164331 106 35.882640 -117.681935 4.882 1.000 0 0 0 0 0 0 0 0 0 0 0 35.882640 -117.681935 4.882
2000 12 13 16 47 00.906587 107 35.921301 -117.732563 4.074 1.000 0 0 0 0 0 0 0 0 0 0 0 35.921301 -117.732563 4.074
2000 12 13 16 48 01.043618 108 35.640980 -117.477330 6.424 1.000 0 0 0 0 0 0 0 0 0 0 0 35.640980 -117.477330 6.424
2000 12 13 16 49 01.143453 109 35.730707 -117.522877 5.970 1.000 0 0 0 0 0 0 0 0 0 0 0 35.730707 -117.522877 5.970
2000 12 13 16 50 00.837316 110 35.589609 -117.415975 4.944 1.000 0 0 0 0 0 0 0 0 0 0 0 35.589609 -117.415975 4.944
2000 12 13 16 51 01.068063 111 35.922787 -117.712668 4.683 1.000 0 0 0 0 0 0 0 0 0 0 0 35.922787 -117.712668 4.683
2000 12 13 16 52 00.770561 112 35.690659 -117.597540 7.970 1.000 0 0 0 0 0 0 0 0 0 0 0 35.690659 -117.597540 7.970
2000 12 13 16 53 00.889752 113 35.716698 -117.534053 6.553 1.000 0 0 0 0 0 0 0 0 0 0 0 35.716698 -117.534053 6.553
2000 12 13 16 54 01.443572 114 35.904389 -117.694275 4.334 1.000 0 0 0 0 0 0 0 0 0 0 0 35.904389 -117.694275 4.334
2000 12 13 16 55 00.936268 115 35.586800 -117.411147 5.150 1.000 0 0 0 0 0 0 0 0 0 0 0 35.586800 -117.411147 5.150
2000 12 13 16 56 00.935480 116 35.883065 -117.688097 6.930 1.000 0 0 0 0 0 0 0 0 0 0 0 35.883065 -117.688097 6.930
2000 12 13 16 57 01.302805 117 35.821988 -117.640034 4.568 1.000 0 0 0 0 0 0 0 0 0 0 0 35.821988 -117.640034 4.568
2000 12 13 16 58 00.596679 118 35.675578 -117.521479 7.812 1.000 0 0 0 0 0 0 0 0 0 0 0 35.675578 -117.521479 7.812
2000 12 13 16 59 01.062891 119 35.565451 -117.622161 6.092 1.000 0 0 0 0 0 0 0 0 0 0 0 35.565451 -117.622161 6.092
2000 12 13 17 00 00.937312 120 35.714937 -117.495279 5.806 1.000 0 0 0 0 0 0 0 0 0 0 0 35.714937 -117.495279 5.806
2000 12 13 17 01 00.997578 121 35.713432 -117.574369 8.681 1.000 0 0 0 0 0 0 0 0 0 0 0 35.713432 -117.574369 8.681
2000 12 13 17 02 01.270720 122 35.669917 -117.483102 4.979 1.000 0 0 0 0 0 0 0 0 0 0 0 35.669917 -117.483102 4.979
2000 12 13 17 03 00.809432 123 35.696840 -117.510805 9.652 1.000 0 0 0 0 0 0 0 0 0 0 0 35.696840 -117.510805 9.652
2000 12 13 17 04 00.900945 124 35.704058 -117.551659 8.168 1.000 0 0 0 0 0 0 0 0 0 0 0 35.704058 -117.551659 8.168
2000 12 13 17 05 01.095695 125 35.887996 -117.685781 4.794 1.000 0 0 0 0 0 0 0 0 0 0 0 35.887996 -117.685781 4.794
2000 12 13 17 06 01.113174 126 35.579548 -117.419336 4.183 1.000 0 0 0 0 0 0 0 0 0 0 0 35.579548 -117.419336 4.183
2000 12 13 17 07 01.229856 127 35.884162 -117.680916 7.946 1.000 0 0 0 0 0 0 0 0 0 0 0 35.884162 -117.680916 7.946
2000 12 13 17 08 01.341460 128 35.931777 -117.682502 2.511 1.000 0 0 0 0 0 0 0 0 0 0 0 35.931777 -117.682502 2.511
2000 12 13 17 09 01.238253 129 35.728255 -117.530644 6.395 1.000 0 0 0 0 0 0 0 0 0 0 0 35.728255 -117.530644 6.395
2000 12 13 17 10 00.828823 130 35.559507 -117.330416 4.283 1.000 0 0 0 0 0 0 0 0 0 0 0 35.559507 -117.330416 4.283
2000 12 13 17 11 01.348257 131 35.709909 -117.503412 4.693 1.000 0 0 0 0 0 0 0 0 0 0 0 35.709909 -117.503412 4.693
2000 12 13 17 12 01.270169 132 35.898072 -117.726371 6.834 1.000 0 0 0 0 0 0 0 0 0 0 0 35.898072 -117.726371 6.834
2000 12 13 17 13 00.492048 133 35.614383 -117.418947 4.269 1.000 0 0 0 0 0 0 0 0 0 0 0 35.614383 -117.418947 4.269
2000 12 13 17 14 01.078722 134 36.052357 -117.854763 2.757 1.000 0 0 0 0 0 0 0 0 0 0 0 36.052357 -117.854763 2.757
2000 12 13 17 15 01.108111 135 35.619514 -117.431195 6.572 1.000 0 0 0 0 0 0 0 0 0 0 0 35.619514 -117.431195 6.572
2000 12 13 17 16 01.056612 136 35.575725 -117.603655 6.029 1.000 0 0 0 0 0 0 0 0 0 0 0 35.575725 -117.603655 6.029
2000 12 13 17 17 01.089635 137 35.602018 -117.423570 5.099 1.000 0 0 0 0 0 0 0 0 0 0 0 35.602018 -117.423570 5.099
2000 12 13 17 18 01.134464 138 35.818557 -117.657275 4.949 1.000 0 0 0 0 0 0 0 0 0 0 0 35.818557 -117.657275 4.949
2000 12 13 17 19 00.755292 139 35.620538 -117.421961 6.915 1.000 0 0 0 0 0 0 0 0 0 0 0 35.620538 -117.421961 6.915
2000 12 13 17 20 00.981736 140 35.885084 -117.683519 8.209 1.000 0 0 0 0 0 0 0 0 0 0 0 35.885084 -117.683519 8.209
2000 12 13 17 21 00.870771 141 35.720946 -117.554638 7.161 1.000 0 0 0 0 0 0 0 0 0 0 0 35.720946 -117.554638 7.161
2000 12 13 17 22 00.929952 142 35.655022 -117.471181 2.523 1.000 0 0 0 0 0 0 0 0 0 0 0 35.655022 -117.471181 2.523
2000 12 13 17 23 01.054494 143 35.695058 -117.590812 9.225 1.000 0 0 0 0 0 0 0 0 0 0 0 35.695058 -117.590812 9.225
2000 12 13 17 24 01.103048 144 35.910853 -117.720451 8.381 1.000 0 0 0 0 0 0 0 0 0 0 0 35.910853 -117.720451 8.381
2000 12 13 17 25 01.307634 145 35.716507 -117.576566 8.430 1.000 0 0 0 0 0 0 0 0 0 0 0 35.716507 -117.576566 8.430
2000 12 13 17 26 01.212339 146 35.918370 -117.722200 4.109 1.000 0 0 0 0 0 0 0 0 0 0 0 35.918370 -117.722200 4.109
2000 12 13 17 27 00.623002 147 35.602667 -117.454494 3.470 1.000 0 0 0 0 0 0 0 0 0 0 0 35.602667 -117.454494 3.470
2000 12 13 17 28 00.877432 148 35.884241 -117.711900 7.241 1.000 0 0 0 0 0 0 0 0 0 0 0 35.884241 -117.711900 7.241
2000 12 13 17 29 01.091856 149 35.666656 -117.475036 3.338 1.000 0 0 0 0 0 0 0 0 0 0 0 35.666656 -117.475036 3.338
2000 12 13 17 30 01.098778 150 35.894989 -117.687600 4.403 1.000 0 0 0 0 0 0 0 0 0 0 0 35.894989 -117.687600 4.403
2000 12 13 17 31 00.973490 151 35.898950 -117.683366 4.697 1.000 0 0 0 0 0 0 0 0 0 0 0 35.898950 -117.683366 4.697
2000 12 13 17 32 01.297714 152 35.941365 -117.704315 4.820 1.000 0 0 0 0 0 0 0 0 0 0 0 35.941365 -117.704315 4.820
2000 12 13 17 33 01.343878 153 35.886945 -117.675787 5.723 1.000 0 0 0 0 0 0 0 0 0 0 0 35.886945 -117.675787 5.723
2000 12 13 17 34 00.886455 154 35.924053 -117.716819 4.824 1.000 0 0 0 0 0 0 0 0 0 0 0 35.924053 -117.716819 4.824
2000 12 13 17 35 00.671332 155 35.927378 -117.720107 7.166 1.000 0 0 0 0 0 0 0 0 0 0 0 35.927378 -117.720107 7.166
2000 12 13 17 36 01.023208 156 35.576579 -117.624033 5.822 1.000 0 0 0 0 0 0 0 0 0 0 0 35.576579 -117.624033 5.822
2000 12 13 17 37 01.073663 157 35.595245 -117.420580 4.604 1.000 0 0 0 0 0 0 0 0 0 0 0 35.595245 -117.420580 4.604
2000 12 13 17 38 01.020815 158 35.626447 -117.426710 4.426 1.000 0 0 0 0 0 0 0 0 0 0 0 35.626447 -117.426710 4.426
2000 12 13 17 39 00.880410 159 35.880104 -117.709784 4.831 1.000 0 0 0 0 0 0 0 0 0 0 0 35.880104 -117.709784 4.831
2000 12 13 17 40 01.112365 160 35.736542 -117.535937 6.829 1.000 0 0 0 0 0 0 0 0 0 0 0 35.736542 -117.535937 6.829
2000 12 13 17 41 01.123834 161 35.683259 -117.531258 9.978 1.000 0 0 0 0 0 0 0 0 0 0 0 35.683259 -117.531258 9.978
2000 12 13 17 42 00.848709 162 35.668726 -117.487676 3.853 1.000 0 0 0 0 0 0 0 0 0 0 0 35.668726 -117.487676 3.853
2000 12 13 17 43 01.197982 163 35.968204 -117.706972 2.907 1.000 0 0 0 0 0 0 0 0 0 0 0 35.968204 -117.706972 2.907
2000 12 13 17 44 00.711093 164 35.904109 -117.746113 7.653 1.000 0 0 0 0 0 0 0 0 0 0 0 35.904109 -117.746113 7.653
2000 12 13 17 45 01.063031 165 35.923327 -117.708993 3.801 1.000 0 0 0 0 0 0 0 0 0 0 0 35.923327 -117.708993 3.801
2000 12 13 17 46 00.796333 166 35.752808 -117.560660 6.990 1.000 0 0 0 0 0 0 0 0 0 0 0 35.752808 -117.560660 6.990
2000 12 13 17 47 01.243857 167 36.060639 -117.845784 3.150 1.000 0 0 0 0 0 0 0 0 0 0 0 36.060639 -117.845784 3.150
2000 12 13 17 48 00.852922 168 36.055314 -117.853364 3.464 1.000 0 0 0 0 0 0 0 0 0 0 0 36.055314 -117.853364 3.464
2000 12 13 17 49 00.497698 169 35.703997 -117.526333 6.493 1.000 0 0 0 0 0 0 0 0 0 0 0 35.703997 -117.526333 6.493
2000 12 13 17 50 00.802018 170 35.571243 -117.622305 6.056 1.000 0 0 0 0 0 0 0 0 0 0 0 35.571243 -117.622305 6.056
2000 12 13 17 51 01.097471 171 35.671384 -117.477947 1.434 1.000 0 0 0 0 0 0 0 0 0 0 0 35.671384 -117.477947 1.434
2000 12 13 17 52 00.751953 172 35.902810 -117.701183 3.892 1.000 0 0 0 0 0 0 0 0 0 0 0 35.902810 -117.701183 3.892
2000 12 13 17 53 01.150109 173 35.666991 -117.477047 0.502 1.000 0 0 0 0 0 0 0 0 0 0 0 35.666991 -117.477047 0.502
2000 12 13 17 54 01.077979 174 35.657286 -117.528642 9.405 1.000 0 0 0 0 0 0 0 0 0 0 0 35.657286 -117.528642 9.405
2000 12 13 17 55 00.904933 175 35.720803 -117.544961 8.165 1.000 0 0 0 0 0 0 0 0 0 0 0 35.720803 -117.544961 8.165
2000 12 13 17 56 01.195129 176 35.757929 -117.572619 5.435 1.000 0 0 0 0 0 0 0 0 0 0 0 35.757929 -117.572619 5.435
2000 12 13 17 57 01.313606 177 35.911027 -117.693351 4.973 1.000 0 0 0 0 0 0 0 0 0 0 0 35.911027 -117.693351 4.973
2000 12 13 17 58 01.106562 178 35.663455 -117.494430 3.258 1.000 0 0 0 0 0 0 0 0 0 0 0 35.663455 -117.494430 3.258
2000 12 13 17 59 00.752329 179 35.971207 -117.707290 5.188 1.000 0 0 0 0 0 0 0 0 0 0 0 35.971207 -117.707290 5.188
2000 12 13 18 00 00.967385 180 35.591480 -117.419167 5.075 1.000 0 0 0 0 0 0 0 0 0 0 0 35.591480 -117.419167 5.075
2000 12 13 18 01 01.113258 181 35.906153 -117.752469 5.842 1.000 0 0 0 0 0 0 0 0 0 0 0 35.906153 -117.752469 5.842
2000 12 13 18 02 00.854084 182 35.932882 -117.713324 6.215 1.000 0 0 0 0 0 0 0 0 0 0 0 35.932882 -117.713324 6.215
2000 12 13 18 03 00.459750 183 35.691891 -117.512110 5.780 1.000 0 0 0 0 0 0 0 0 0 0 0 35.691891 -117.512110 5.780
2000 12 13 18 04 00.806883 184 35.973744 -117.663670 3.535 1.000 0 0 0 0 0 0 0 0 0 0 0 35.973744 -117.663670 3.535
2000 12 13 18 05 01.269903 185 35.932109 -117.689370 3.793 1.000 0 0 0 0 0 0 0 0 0 0 0 35.932109 -117.689370 3.793
2000 12 13 18 06 01.184604 186 35.890225 -117.694894 7.334 1.000 0 0 0 0 0 0 0 0 0 0 0 35.890225 -117.694894 7.334
2000 12 13 18 07 00.993549 187 35.948000 -117.695267 4.132 1.000 0 0 0 0 0 0 0 0 0 0 0 35.948000 -117.695267 4.132
2000 12 13 18 08 00.763711 188 35.930561 -117.704081 3.887 1.000 0 0 0 0 0 0 0 0 0 0 0 35.930561 -117.704081 3.887
2000 12 13 18 09 00.920280 189 35.916694 -117.726099 7.059 1.000 0 0 0 0 0 0 0 0 0 0 0 35.916694 -117.726099 7.059
2000 12 13 18 10 00.913668 190 35.712692 -117.553806 5.526 1.000 0 0 0 0 0 0 0 0 0 0 0 35.712692 -117.553806 5.526
2000 12 13 18 11 00.944221 191 35.602213 -117.577241 5.072 1.000 0 0 0 0 0 0 0 0 0 0 0 35.602213 -117.577241 5.072
2000 12 13 18 12 01.145509 192 35.897446 -117.678635 4.311 1.000 0 0 0 0 0 0 0 0 0 0 0 35.897446 -117.678635 4.311
2000 12 13 18 13 00.949563 193 35.870379 -117.690042 7.223 1.000 0 0 0 0 0 0 0 0 0 0 0 35.870379 -117.690042 7.223
2000 12 13 18 14 00.806914 194 35.970948 -117.665025 3.136 1.000 0 0 0 0 0 0 0 0 0 0 0 35.970948 -117.665025 3.136
2000 12 13 18 15 01.108091 195 35.682073 -117.518026 8.639 1.000 0 0 0 0 0 0 0 0 0 0 0 35.682073 -117.518026 8.639
2000 12 13 18 16 01.436157 196 35.664353 -117.455515 6.731 1.000 0 0 0 0 0 0 0 0 0 0 0 35.664353 -117.455515 6.731
2000 12 13 18 17 00.542423 197 35.632306 -117.479468 5.430 1.000 0 0 0 0 0 0 0 0 0 0 0 35.632306 -117.479468 5.430
2000 12 13 18 18 01.303002 198 35.667910 -117.515725 7.497 1.000 0 0 0 0 0 0 0 0 0 0 0 35.667910 -117.515725 7.497
2000 12 13 18 19 00.973035 199 35.891132 -117.670203 7.762 1.000 0 0 0 0 0 0 0 0 0 0 0 35.891132 -117.670203 7.762
2000 12 13 18 20 01.096029 200 36.047375 -117.852990 2.842 1.000 0 0 0 0 0 0 0 0 0 0 0 36.047375 -117.852990 2.842
2000 12 13 18 21 01.133264 201 35.659096 -117.486610 3.248 1.000 0 0 0 0 0 0 0 0 0 0 0 35.659096 -117.486610 3.248
2000 12 13 18 22 00.781771 202 35.649054 -117.510054 4.615 1.000 0 0 0 0 0 0 0 0 0 0 0 35.649054 -117.510054 4.615
2000 12 13 18 23 00.904312 203 35.899903 -117.678556 4.562 1.000 0 0 0 0 0 0 0 0 0 0 0 35.899903 -117.678556 4.562
2000 12 13 18 24 00.950798 204 35.705101 -117.506935 7.003 1.000 0 0 0 0 0 0 0 0 0 0 0 35.705101 -117.506935 7.003
2000 12 13 18 25 00.866761 205 35.905483 -117.720336 5.130 1.000 0 0 0 0 0 0 0 0 0 0 0 35.905483 -117.720336 5.130
2000 12 13 18 26 01.189765 206 35.888606 -117.680544 4.508 1.000 0 0 0 0 0 0 0 0 0 0 0 35.888606 -117.680544 4.508
2000 12 13 18 27 01.023706 207 35.975902 -117.662624 3.469 1.000 0 0 0 0 0 0 0 0 0 0 0 35.975902 -117.662624 3.469
2000 12 13 18 28 01.067791 208 35.749605 -117.588509 7.261 1.000 0 0 0 0 0 0 0 0 0 0 0 35.749605 -117.588509 7.261
2000 12 13 18 29 00.775096 209 35.927889 -117.720708 5.244 1.000 0 0 0 0 0 0 0 0 0 0 0 35.927889 -117.720708 5.244
2000 12 13 18 30 00.787249 210 35.918950 -117.733393 4.884 1.000 0 0 0 0 0 0 0 0 0 0 0 35.918950 -117.733393 4.884
2000 12 13 18 31 01.137369 211 35.726709 -117.547498 5.239 1.000 0 0 0 0 0 0 0 0 0 0 0 35.726709 -117.547498 5.239
2000 12 13 18 32 01.305168 212 35.973023 -117.663529 3.491 1.000 0 0 0 0 0 0 0 0 0 0 0 35.973023 -117.663529 3.491
2000 12 13 18 33 00.939097 213 35.916696 -117.719003 2.869 1.000 0 0 0 0 0 0 0 0 0 0 0 35.916696 -117.719003 2.869
2000 12 13 18 34 00.799428 214 35.598119 -117.590056 4.777 1.000 0 0 0 0 0 0 0 0 0 0 0 35.598119 -117.590056 4.777
2000 12 13 18 35 00.931505 215 35.575240 -117.600895 6.863 1.000 0 0 0 0 0 0 0 0 0 0 0 35.575240 -117.600895 6.863
2000 12 13 18 36 01.175242 216 35.952252 -117.716020 4.158 1.000 0 0 0 0 0 0 0 0 0 0 0 35.952252 -117.716020 4.158
2000 12 13 18 37 01.012102 217 36.054360 -117.841907 4.013 1.000 0 0 0 0 0 0 0 0 0 0 0 36.054360 -117.841907 4.013
2000 12 13 18 38 00.663099 218 35.930364 -117.704129 3.962 1.000 0 0 0 0 0 0 0 0 0 0 0 35.930364 -117.704129 3.962
2000 12 13 18 39 01.029808 219 35.712645 -117.541919 4.200 1.000 0 0 0 0 0 0 0 0 0 0 0 35.712645 -117.541919 4.200
2000 12 13 18 40 00.936088 220 35.657288 -117.485252 3.388 1.000 0 0 0 0 0 0 0 0 0 0 0 35.657288 -117.485252 3.388
2000 12 13 18 41 01.112268 221 35.944304 -117.691887 2.412 1.000 0 0 0 0 0 0 0 0 0 0 0 35.944304 -117.691887 2.412
2000 12 13 18 42 00.985357 222 35.899948 -117.752554 6.796 1.000 0 0 0 0 0 0 0 0 0 0 0 35.899948 -117.752554 6.796
2000 12 13 18 43 01.018677 223 35.907473 -117.682736 4.759 1.000 0 0 0 0 0 0 0 0 0 0 0 35.907473 -117.682736 4.759
2000 12 13 18 44 00.782059 224 36.051008 -117.839149 3.567 1.000 0 0 0 0 0 0 0 0 0 0 0 36.051008 -117.839149 3.567
2000 12 13 18 45 01.127892 225 36.048397 -117.850420 4.273 1.000 0 0 0 0 0 0 0 0 0 0 0 36.048397 -117.850420 4.273
2000 12 13 18 46 00.804494 226 35.678312 -117.542738 8.026 1.000 0 0 0 0 0 0 0 0 0 0 0 35.678312 -117.542738 8.026
2000 12 13 18 47 00.664970 227 35.878224 -117.690401 6.882 1.000 0 0 0 0 0 0 0 0 0 0 0 35.878224 -117.690401 6.882
2000 12 13 18 48 01.193022 228 35.911638 -117.718640 4.551 1.000 0 0 0 0 0 0 0 0 0 0 0 35.911638 -117.718640 4.551
2000 12 13 18 49 00.874263 229 36.046737 -117.853683 3.896 1.000 0 0 0 0 0 0 0 0 0 0 0 36.046737 -117.853683 3.896
2000 12 13 18 50 00.891981 230 35.918449 -117.703994 5.849 1.000 0 0 0 0 0 0 0 0 0 0 0 35.918449 -117.703994 5.849
2000 12 13 18 51 01.170040 231 35.601973 -117.462146 4.505 1.000 0 0 0 0 0 0 0 0 0 0 0 35.601973 -117.462146 4.505
2000 12 13 18 52 01.382256 232 35.580940 -117.360680 4.934 1.000 0 0 0 0 0 0 0 0 0 0 0 35.580940 -117.360680 4.934
2000 12 13 18 53 00.964044 233 35.580627 -117.629532 5.718 1.000 0 0 0 0 0 0 0 0 0 0 0 35.580627 -117.629532 5.718
2000 12 13 18 54 01.113139 234 35.902076 -117.699438 7.671 1.000 0 0 0 0 0 0 0 0 0 0 0 35.902076 -117.699438 7.671
2000 12 13 18 55 00.951246 235 35.687238 -117.495237 1.200 1.000 0 0 0 0 0 0 0 0 0 0 0 35.687238 -117.495237 1.200
2000 12 13 18 56 00.871355 236 35.612846 -117.583359 3.470 1.000 0 0 0 0 0 0 0 0 0 0 0 35.612846 -117.583359 3.470
2000 12 13 18 57 01.249099 237 35.608218 -117.436437 6.097 1.000 0 0 0 0 0 0 0 0 0 0 0 35.608218 -117.436437 6.097
2000 12 13 18 58 01.089618 238 35.876770 -117.700241 7.794 1.000 0 0 0 0 0 0 0 0 0 0 0 35.876770 -117.700241 7.794
2000 12 13 18 59 01.121139 239 35.880065 -117.667267 3.354 1.000 0 0 0 0 0 0 0 0 0 0 0 35.880065 -117.667267 3.354
2000 12 13 19 00 01.278448 240 35.677140 -117.524819 9.047 1.000 0 0 0 0 0 0 0 0 0 0 0 35.677140 -117.524819 9.047
2000 12 13 19 01 01.081023 241 35.782045 -117.570399 7.705 1.000 0 0 0 0 0 0 0 0 0 0 0 35.782045 -117.570399 7.705
2000 12 13 19 02 01.275095 242 35.986970 -117.674682 2.544 1.000 0 0 0 0 0 0 0 0 0 0 0 35.986970 -117.674682 2.544
2000 12 13 19 03 01.021565 243 35.629547 -117.425727 4.143 1.000 0 0 0 0 0 0 0 0 0 0 0 35.629547 -117.425727 4.143
2000 12 13 19 04 00.869093 244 35.954538 -117.709253 3.875 1.000 0 0 0 0 0 0 0 0 0 0 0 35.954538 -117.709253 3.875
2000 12 13 19 05 00.891241 245 35.964783 -117.716095 3.545 1.000 0 0 0 0 0 0 0 0 0 0 0 35.964783 -117.716095 3.545
2000 12 13 19 06 00.875179 246 35.915061 -117.702971 5.047 1.000 0 0 0 0 0 0 0 0 0 0 0 35.915061 -117.702971 5.047
2000 12 13 19 07 00.748759 247 35.966162 -117.655826 3.572 1.000 0 0 0 0 0 0 0 0 0 0 0 35.966162 -117.655826 3.572
2000 12 13 19 08 01.384070 248 35.928088 -117.698394 4.291 1.000 0 0 0 0 0 0 0 0 0 0 0 35.928088 -117.698394 4.291
2000 12 13 19 09 00.867931 249 35.680570 -117.509580 9.553 1.000 0 0 0 0 0 0 0 0 0 0 0 35.680570 -117.509580 9.553
2000 12 13 19 10 01.204360 250 35.668699 -117.481422 6.263 1.000 0 0 0 0 0 0 0 0 0 0 0 35.668699 -117.481422 6.263
2000 12 13 19 11 00.849215 251 35.705599 -117.535898 8.020 1.000 0 0 0 0 0 0 0 0 0 0 0 35.705599 -117.535898 8.020
2000 12 13 19 12 00.848738 252 35.892762 -117.722390 7.858 1.000 0 0 0 0 0 0 0 0 0 0 0 35.892762 -117.722390 7.858
2000 12 13 19 13 01.121316 253 35.679414 -117.471221 8.654 1.000 0 0 0 0 0 0 0 0 0 0 0 35.679414 -117.471221 8.654
2000 12 13 19 14 00.539288 254 35.675511 -117.479422 4.554 1.000 0 0 0 0 0 0 0 0 0 0 0 35.675511 -117.479422 4.554
2000 12 13 19 15 00.639926 255 35.590237 -117.399910 7.278 1.000 0 0 0 0 0 0 0 0 0 0 0 35.590237 -117.399910 7.278
2000 12 13 19 16 01.234392 256 35.940702 -117.676393 4.706 1.000 0 0 0 0 0 0 0 0 0 0 0 35.940702 -117.676393 4.706
2000 12 13 19 17 00.903167 257 35.688586 -117.490738 2.048 1.000 0 0 0 0 0 0 0 0 0 0 0 35.688586 -117.490738 2.048
2000 12 13 19 18 00.866252 258 35.740957 -117.568625 3.286 1.000 0 0 0 0 0 0 0 0 0 0 0 35.740957 -117.568625 3.286
2000 12 13 19 19 00.529876 259 35.733558 -117.534486 7.166 1.000 0 0 0 0 0 0 0 0 0 0 0 35.733558 -117.534486 7.166
2000 12 13 19 20 01.175721 260 35.902258 -117.664961 4.100 1.000 0 0 0 0 0 0 0 0 0 0 0 35.902258 -117.664961 4.100
2000 12 13 19 21 01.056070 261 35.923467 -117.729436 4.505 1.000 0 0 0 0 0 0 0 0 0 0 0 35.923467 -117.729436 4.505
2000 12 13 19 22 00.894957 262 35.610205 -117.408358 3.705 1.000 0 0 0 0 0 0 0 0 0 0 0 35.610205 -117.408358 3.705
2000 12 13 19 23 01.205895 263 35.915171 -117.731353 7.299 1.000 0 0 0 0 0 0 0 0 0 0 0 35.915171 -117.731353 7.299
2000 12 13 19 24 00.721862 264 35.883424 -117.708644 5.495 1.000 0 0 0 0 0 0 0 0 0 0 0 35.883424 -117.708644 5.495
2000 12 13 19 25 00.683748 265 35.597516 -117.423372 5.008 1.000 0 0 0 0 0 0 0 0 0 0 0 35.597516 -117.423372 5.008
2000 12 13 19 26 00.925952 266 35.698798 -117.515529 5.982 1.000 0 0 0 0 0 0 0 0 0 0 0 35.698798 -117.515529 5.982
2000 12 13 19 27 01.003962 267 36.056530 -117.851217 3.191 1.000 0 0 0 0 0 0 0 0 0 0 0 36.056530 -117.851217 3.191
2000 12 13 19 28 01.022593 268 35.725470 -117.548367 6.985 1.000 0 0 0 0 0 0 0 0 0 0 0 35.725470 -117.548367 6.985
2000 12 13 19 29 01.210993 269 35.620576 -117.430077 4.488 1.000 0 0 0 0 0 0 0 0 0 0 0 35.620576 -117.430077 4.488
2000 12 13 19 30 00.867157 270 35.922732 -117.730935 2.307 1.000 0 0 0 0 0 0 0 0 0 0 0 35.922732 -117.730935 2.307
2000 12 13 19 31 01.268379 271 35.648421 -117.436897 5.247 1.000 0 0 0 0 0 0 0 0 0 0 0 35.648421 -117.436897 5.247
2000 12 13 19 32 01.303118 272 35.684002 -117.526835 8.241 1.000 0 0 0 0 0 0 0 0 0 0 0 35.684002 -117.526835 8.241
2000 12 13 19 33 01.232191 273 35.653393 -117.477290 6.526 1.000 0 0 0 0 0 0 0 0 0 0 0 35.653393 -117.477290 6.526
2000 12 13 19 34 00.836696 274 35.653317 -117.453157 1.295 1.000 0 0 0 0 0 0 0 0 0 0 0 35.653317 -117.453157 1.295
2000 12 13 19 35 01.171967 275 35.636263 -117.448580 3.432 1.000 0 0 0 0 0 0 0 0 0 0 0 35.636263 -117.448580 3.432
2000 12 13 19 36 00.873476 276 35.924524 -117.703922 4.277 1.000 0 0 0 0 0 0 0 0 0 0 0 35.924524 -117.703922 4.277
2000 12 13 19 37 00.875107 277 35.969670 -117.664966 3.625 1.000 0 0 0 0 0 0 0 0 0 0 0 35.969670 -117.664966 3.625
2000 12 13 19 38 00.886372 278 35.607844 -117.428556 4.684 1.000 0 0 0 0 0 0 0 0 0 0 0 35.607844 -117.428556 4.684
2000 12 13 19 39 00.968451 279 35.952350 -117.704085 4.557 1.000 0 0 0 0 0 0 0 0 0 0 0 35.952350 -117.704085 4.557
2000 12 13 19 40 01.118332 280 35.885146 -117.681847 5.585 1.000 0 0 0 0 0 0 0 0 0 0 0 35.885146 -117.681847 5.585
2000 12 13 19 41 01.355829 281 35.652869 -117.464185 4.899 1.000 0 0 0 0 0 0 0 0 0 0 0 35.652869 -117.464185 4.899
2000 12 13 19 42 01.073433 282 35.578814 -117.609540 5.464 1.000 0 0 0 0 0 0 0 0 0 0 0 35.578814 -117.609540 5.464
2000 12 13 19 43 01.144242 283 35.601484 -117.430725 5.402 1.000 0 0 0 0 0 0 0 0 0 0 0 35.601484 -117.430725 5.402
2000 12 13 19 44 01.022640 284 35.587639 -117.420809 5.784 1.000 0 0 0 0 0 0 0 0 0 0 0 35.587639 -117.420809 5.784
2000 12 13 19 45 00.824827 285 35.729553 -117.571603 4.581 1.000 0 0 0 0 0 0 0 0 0 0 0 35.729553 -117.571603 4.581
2000 12 13 19 46 01.223961 286 35.982048 -117.678624 0.855 1.000 0 0 0 0 0 0 0 0 0 0 0 35.982048 -117.678624 0.855
2000 12 13 19 47 00.868374 287 35.883830 -117.670448 8.558 1.000 0 0 0 0 0 0 0 0 0 0 0 35.883830 -117.670448 8.558
2000 12 13 19 48 01.022033 288 35.891352 -117.721544 6.431 1.000 0 0 0 0 0 0 0 0 0 0 0 35.891352 -117.721544 6.431
2000 12 13 19 49 01.244922 289 35.951760 -117.710475 4.921 1.000 0 0 0 0 0 0 0 0 0 0 0 35.951760 -117.710475 4.921
2000 12 13 19 50 00.831208 290 35.712095 -117.490923 5.348 1.000 0 0 0 0 0 0 0 0 0 0 0 35.712095 -117.490923 5.348
2000 12 13 19 51 00.901749 291 35.626982 -117.419986 5.778 1.000 0 0 0 0 0 0 0 0 0 0 0 35.626982 -117.419986 5.778
2000 12 13 19 52 01.392116 292 35.675641 -117.481247 0.565 1.000 0 0 0 0 0 0 0 0 0 0 0 35.675641 -117.481247 0.565
2000 12 13 19 53 01.156989 293 35.917497 -117.696573 4.468 1.000 0 0 0 0 0 0 0 0 0 0 0 35.917497 -117.696573 4.468
2000 12 13 19 54 00.882224 294 35.896952 -117.698035 6.963 1.000 0 0 0 0 0 0 0 0 0 0 0 35.896952 -117.698035 6.963
2000 12 13 19 55 00.807465 295 35.920359 -117.704601 3.898 1.000 0 0 0 0 0 0 0 0 0 0 0 35.920359 -117.704601 3.898
2000 12 13 19 56 00.414225 296 35.691233 -117.540401 8.632 1.000 0 0 0 0 0 0 0 0 0 0 0 35.691233 -117.540401 8.632
2000 12 13 19 57 00.852080 297 35.920782 -117.692855 3.824 1.000 0 0 0 0 0 0 0 0 0 0 0 35.920782 -117.692855 3.824
2000 12 13 19 58 01.494934 298 35.698103 -117.528306 7.453 1.000 0 0 0 0 0 0 0 0 0 0 0 35.698103 -117.528306 7.453
2000 12 13 19 59 01.085522 299 35.719070 -117.519545 4.361 1.000 0 0 0 0 0 0 0 0 0 0 0 35.719070 -117.519545 4.361
2000 12 13 20 00 01.110498 300 35.692508 -117.540456 8.392 1.000 0 0 0 0 0 0 0 0 0 0 0 35.692508 -117.540456 8.392
2000 12 13 20 01 00.679837 301 35.712962 -117.580120 6.650 1.000 0 0 0 0 0 0 0 0 0 0 0 35.712962 -117.580120 6.650
2000 12 13 20 02 01.625656 302 35.629537 -117.425959 4.568 1.000 0 0 0 0 0 0 0 0 0 0 0 35.629537 -117.425959 4.568
2000 12 13 20 03 01.092042 303 35.764098 -117.576964 7.322 1.000 0 0 0 0 0 0 0 0 0 0 0 35.764098 -117.576964 7.322
2000 12 13 20 04 00.627579 304 35.983636 -117.665780 3.651 1.000 0 0 0 0 0 0 0 0 0 0 0 35.983636 -117.665780 3.651
2000 12 13 20 05 00.939535 305 35.884117 -117.678312 4.739 1.000 0 0 0 0 0 0 0 0 0 0 0 35.884117 -117.678312 4.739
2000 12 13 20 06 01.238160 306 35.639863 -117.442223 3.674 1.000 0 0 0 0 0 0 0 0 0 0 0 35.639863 -117.442223 3.674
2000 12 13 20 07 00.884164 307 35.913266 -117.694797 5.093 1.000 0 0 0 0 0 0 0 0 0 0 0 35.913266 -117.694797 5.093
2000 12 13 20 08 00.872493 308 35.918294 -117.690730 4.710 1.000 0 0 0 0 0 0 0 0 0 0 0 35.918294 -117.690730 4.710
2000 12 13 20 09 00.937678 309 35.645519 -117.501639 7.199 1.000 0 0 0 0 0 0 0 0 0 0 0 35.645519 -117.501639 7.199
2000 12 13 20 10 01.208210 310 35.608797 -117.415617 5.223 1.000 0 0 0 0 0 0 0 0 0 0 0 35.608797 -117.415617 5.223
2000 12 13 20 11 01.034882 311 35.594978 -117.602993 4.031 1.000 0 0 0 0 0 0 0 0 0 0 0 35.594978 -117.602993 4.031
2000 12 13 20 12 00.859274 312 35.605735 -117.596143 4.855 1.000 0 0 0 0 0 0 0 0 0 0 0 35.605735 -117.596143 4.855
2000 12 13 20 13 01.401530 313 35.599447 -117.380256 6.209 1.000 0 0 0 0 0 0 0 0 0 0 0 35.599447 -117.380256 6.209
2000 12 13 20 14 00.896118 314 35.626032 -117.421060 3.295 1.000 0 0 0 0 0 0 0 0 0 0 0 35.626032 -117.421060 3.295
2000 12 13 20 15 01.114966 315 35.711149 -117.503247 5.670 1.000 0 0 0 0 0 0 0 0 0 0 0 35.711149 -117.503247 5.670
2000 12 13 20 16 01.412220 316 35.735544 -117.533992 5.322 1.000 0 0 0 0 0 0 0 0 0 0 0 35.735544 -117.533992 5.322
2000 12 13 20 17 01.239713 317 36.067136 -117.851845 4.475 1.000 0 0 0 0 0 0 0 0 0 0 0 36.067136 -117.851845 4.475
2000 12 13 20 18 01.181504 318 35.943233 -117.691762 5.437 1.000 0 0 0 0 0 0 0 0 0 0 0 35.943233 -117.691762 5.437
2000 12 13 20 19 00.955147 319 35.929597 -117.703657 4.142 1.000 0 0 0 0 0 0 0 0 0 0 0 35.929597 -117.703657 4.142
2000 12 13 20 20 00.918919 320 35.889697 -117.728037 6.847 1.000 0 0 0 0 0 0 0 0 0 0 0 35.889697 -117.728037 6.847
2000 12 13 20 21 01.080301 321 35.939290 -117.700549 4.618 1.000 0 0 0 0 0 0 0 0 0 0 0 35.939290 -117.700549 4.618
2000 12 13 20 22 01.071622 322 35.600352 -117.599434 4.750 1.000 0 0 0 0 0 0 0 0 0 0 0 35.600352 -117.599434 4.750
2000 12 13 20 23 00.923667 323 35.708996 -117.550043 6.182 1.000 0 0 0 0 0 0 0 0 0 0 0 35.708996 -117.550043 6.182
2000 12 13 20 24 00.881107 324 35.672586 -117.473843 4.230 1.000 0 0 0 0 0 0 0 0 0 0 0 35.672586 -117.473843 4.230
2000 12 13 20 25 01.078783 325 35.613847 -117.596740 7.778 1.000 0 0 0 0 0 0 0 0 0 0 0 35.613847 -117.596740 7.778
2000 12 13 20 26 00.913152 326 35.979385 -117.665219 3.772 1.000 0 0 0 0 0 0 0 0 0 0 0 35.979385 -117.665219 3.772
2000 12 13 20 27 01.237743 327 35.756564 -117.567207 5.660 1.000 0 0 0 0 0 0 0 0 0 0 0 35.756564 -117.567207 5.660
2000 12 13 20 28 01.181841 328 35.743017 -117.574729 6.421 1.000 0 0 0 0 0 0 0 0 0 0 0 35.743017 -117.574729 6.421
2000 12 13 20 29 00.985033 329 35.902181 -117.714231 7.048 1.000 0 0 0 0 0 0 0 0 0 0 0 35.902181 -117.714231 7.048
2000 12 13 20 30 01.003775 330 35.903679 -117.715070 6.694 1.000 0 0 0 0 0 0 0 0 0 0 0 35.903679 -117.715070 6.694
2000 12 13 20 31 00.909119 331 35.669133 -117.475660 1.104 1.000 0 0 0 0 0 0 0 0 0 0 0 35.669133 -117.475660 1.104
2000 12 13 20 32 01.046100 332 35.901774 -117.700912 4.482 1.000 0 0 0 0 0 0 0 0 0 0 0 35.901774 -117.700912 4.482
2000 12 13 20 33 00.748935 333 35.878871 -117.680265 4.018 1.000 0 0 0 0 0 0 0 0 0 0 0 35.878871 -117.680265 4.018
2000 12 13 20 34 01.135034 334 35.598589 -117.429388 8.273 1.000 0 0 0 0 0 0 0 0 0 0 0 35.598589 -117.429388 8.273
2000 12 13 20 35 01.226661 335 35.921682 -117.717793 4.304 1.000 0 0 0 0 0 0 0 0 0 0 0 35.921682 -117.717793 4.304
2000 12 13 20 36 01.166220 336 35.615917 -117.440929 6.656 1.000 0 0 0 0 0 0 0 0 0 0 0 35.615917 -117.440929 6.656
2000 12 13 20 37 00.839183 337 35.627514 -117.432642 6.558 1.000 0 0 0 0 0 0 0 0 0 0 0 35.627514 -117.432642 6.558
2000 12 13 20 38 01.005790 338 35.892801 -117.699574 6.994 1.000 0 0 0 0 0 0 0 0 0 0 0 35.892801 -117.699574 6.994
2000 12 13 20 39 01.025559 339 35.731051 -117.571735 7.588 1.000 0 0 0 0 0 0 0 0 0 0 0 35.731051 -117.571735 7.588
2000 12 13 20 40 00.832439 340 35.629216 -117.423493 4.548 1.000 0 0 0 0 0 0 0 0 0 0 0 35.629216 -117.423493 4.548
2000 12 13 20 41 01.056821 341 35.881120 -117.705261 3.425 1.000 0 0 0 0 0 0 0 0 0 0 0 35.881120 -117.705261 3.425
2000 12 13 20 42 00.657706 342 35.904063 -117.734404 8.023 1.000 0 0 0 0 0 0 0 0 0 0 0 35.904063 -117.734404 8.023
2000 12 13 20 43 01.396925 343 35.850607 -117.678046 7.277 1.000 0 0 0 0 0 0 0 0 0 0 0 35.850607 -117.678046 7.277
2000 12 13 20 44 00.957172 344 35.686636 -117.500244 4.568 1.000 0 0 0 0 0 0 0 0 0 0 0 35.686636 -117.500244 4.568
2000 12 13 20 45 00.914929 345 35.626141 -117.423706 3.832 1.000 0 0 0 0 0 0 0 0 0 0 0 35.626141 -117.423706 3.832
2000 12 13 20 46 00.749243 346 35.897962 -117.696581 4.837 1.000 0 0 0 0 0 0 0 0 0 0 0 35.897962 -117.696581 4.837
2000 12 13 20 47 00.751416 347 35.615695 -117.578368 5.025 1.000 0 0 0 0 0 0 0 0 0 0 0 35.615695 -117.578368 5.025
2000 12 13 20 48 01.036979 348 35.946314 -117.678031 3.500 1.000 0 0 0 0 0 0 0 0 0 0 0 35.946314 -117.678031 3.500
2000 12 13 20 49 01.024678 349 36.057157 -117.857188 4.736 1.000 0 0 0 0 0 0 0 0 0 0 0 36.057157 -117.857188 4.736
2000 12 13 20 50 01.113760 350 35.657543 -117.502884 5.341 1.000 0 0 0 0 0 0 0 0 0 0 0 35.657543 -117.502884 5.341
2000 12 13 20 51 00.954789 351 35.912976 -117.684166 3.677 1.000 0 0 0 0 0 0 0 0 0 0 0 35.912976 -117.684166 3.677
2000 12 13 20 52 01.190099 352 35.882268 -117.681216 2.622 1.000 0 0 0 0 0 0 0 0 0 0 0 35.882268 -117.681216 2.622
2000 12 13 20 53 01.058274 353 35.625501 -117.434081 3.208 1.000 0 0 0 0 0 0 0 0 0 0 0 35.625501 -117.434081 3.208
2000 12 13 20 54 01.188356 354 35.847755 -117.665186 4.650 1.000 0 0 0 0 0 0 0 0 0 0 0 35.847755 -117.665186 4.650
2000 12 13 20 55 01.051720 355 35.940388 -117.706084 3.671 1.000 0 0 0 0 0 0 0 0 0 0 0 35.940388 -117.706084 3.671
2000 12 13 20 56 00.812550 356 35.752835 -117.542060 4.982 1.000 0 0 0 0 0 0 0 0 0 0 0 35.752835 -117.542060 4.982
2000 12 13 20 57 01.254124 357 35.609376 -117.465051 5.505 1.000 0 0 0 0 0 0 0 0 0 0 0 35.609376 -117.465051 5.505
2000 12 13 20 58 01.004976 358 35.974088 -117.672174 3.444 1.000 0 0 0 0 0 0 0 0 0 0 0 35.974088 -117.672174 3.444
2000 12 13 20 59 00.813393 359 35.944158 -117.697748 4.274 1.000 0 0 0 0 0 0 0 0 0 0 0 35.944158 -117.697748 4.274
2000 12 13 21 00 00.788858 360 35.712999 -117.559577 6.267 1.000 0 0 0 0 0 0 0 0 0 0 0 35.712999 -117.559577 6.267
2000 12 13 21 01 00.781432 361 35.834820 -117.660920 3.803 1.000 0 0 0 0 0 0 0 0 0 0 0 35.834820 -117.660920 3.803
2000 12 13 21 02 00.574263 362 36.063525 -117.849629 3.022 1.000 0 0 0 0 0 0 0 0 0 0 0 36.063525 -117.849629 3.022
2000 12 13 21 03 01.038440 363 36.029317 -117.874782 1.594 1.000 0 0 0 0 0 0 0 0 0 0 0 36.029317 -117.874782 1.594
2000 12 13 21 04 00.693901 364 35.579890 -117.617441 5.789 1.000 0 0 0 0 0 0 0 0 0 0 0 35.579890 -117.617441 5.789
2000 12 13 21 05 01.019900 365 35.690776 -117.523656 7.593 1.000 0 0 0 0 0 0 0 0 0 0 0 35.690776 -117.523656 7.593
2000 12 13 21 06 00.946939 366 35.975495 -117.663690 3.341 1.000 0 0 0 0 0 0 0 0 0 0 0 35.975495 -117.663690 3.341
2000 12 13 21 07 01.220056 367 35.907201 -117.694927 4.851 1.000 0 0 0 0 0 0 0 0 0 0 0 35.907201 -117.694927 4.851
2000 12 13 21 08 00.880334 368 35.599801 -117.593584 5.945 1.000 0 0 0 0 0 0 0 0 0 0 0 35.599801 -117.593584 5.945
2000 12 13 21 09 00.940578 369 35.931364 -117.693272 4.851 1.000 0 0 0 0 0 0 0 0 0 0 0 35.931364 -117.693272 4.851
2000 12 13 21 10 01.046244 370 35.829918 -117.655275 5.620 1.000 0 0 0 0 0 0 0 0 0 0 0 35.829918 -117.655275 5.620
2000 12 13 21 11 00.807189 371 35.614007 -117.449590 4.485 1.000 0 0 0 0 0 0 0 0 0 0 0 35.614007 -117.449590 4.485
2000 12 13 21 12 01.024464 372 35.646422 -117.452607 6.063 1.000 0 0 0 0 0 0 0 0 0 0 0 35.646422 -117.452607 6.063
2000 12 13 21 13 00.817253 373 35.668085 -117.466520 7.020 1.000 0 0 0 0 0 0 0 0 0 0 0 35.668085 -117.466520 7.020
2000 12 13 21 14 01.078377 374 35.931899 -117.696541 3.245 1.000 0 0 0 0 0 0 0 0 0 0 0 35.931899 -117.696541 3.245
2000 12 13 21 15 01.042535 375 35.651547 -117.468998 3.480 1.000 0 0 0 0 0 0 0 0 0 0 0 35.651547 -117.468998 3.480
2000 12 13 21 16 00.733331 376 35.661728 -117.477175 2.071 1.000 0 0 0 0 0 0 0 0 0 0 0 35.661728 -117.477175 2.071
2000 12 13 21 17 01.412948 377 35.891784 -117.725022 5.496 1.000 0 0 0 0 0 0 0 0 0 0 0 35.891784 -117.725022 5.496
2000 12 13 21 18 00.987847 378 35.702329 -117.593410 8.047 1.000 0 0 0 0 0 0 0 0 0 0 0 35.702329 -117.593410 8.047
2000 12 13 21 19 00.902696 379 36.032588 -117.856734 3.187 1.000 0 0 0 0 0 0 0 0 0 0 0 36.032588 -117.856734 3.187
2000 12 13 21 20 01.343025 380 35.632304 -117.460112 4.309 1.000 0 0 0 0 0 0 0 0 0 0 0 35.632304 -117.460112 4.309
2000 12 13 21 21 00.637872 381 35.918866 -117.739138 4.380 1.000 0 0 0 0 0 0 0 0 0 0 0 35.918866 -117.739138 4.380
2000 12 13 21 22 01.214480 382 35.574877 -117.618061 5.298 1.000 0 0 0 0 0 0 0 0 0 0 0 35.574877 -117.618061 5.298
2000 12 13 21 23 01.074574 383 35.588211 -117.345770 5.874 1.000 0 0 0 0 0 0 0 0 0 0 0 35.588211 -117.345770 5.874
2000 12 13 21 24 01.030770 384 35.641505 -117.445429 2.539 1.000 0 0 0 0 0 0 0 0 0 0 0 35.641505 -117.445429 2.539
2000 12 13 21 25 01.019375 385 35.876846 -117.714525 5.138 1.000 0 0 0 0 0 0 0 0 0 0 0 35.876846 -117.714525 5.138
2000 12 13 21 26 00.874411 386 35.944275 -117.695860 4.067 1.000 0 0 0 0 0 0 0 0 0 0 0 35.944275 -117.695860 4.067
2000 12 13 21 27 00.832855 387 35.893415 -117.678425 3.355 1.000 0 0 0 0 0 0 0 0 0 0 0 35.893415 -117.678425 3.355
2000 12 13 21 28 01.005495 388 35.898224 -117.663880 5.996 1.000 0 0 0 0 0 0 0 0 0 0 0 35.898224 -117.663880 5.996
2000 12 13 21 29 01.046225 389 35.903713 -117.695484 4.681 1.000 0 0 0 0 0 0 0 0 0 0 0 35.903713 -117.695484 4.681
2000 12 13 21 30 00.914143 390 35.905857 -117.737773 5.092 1.000 0 0 0 0 0 0 0 0 0 0 0 35.905857 -117.737773 5.092
2000 12 13 21 31 01.109153 391 35.595763 -117.426635 4.211 1.000 0 0 0 0 0 0 0 0 0 0 0 35.595763 -117.426635 4.211
2000 12 13 21 32 00.689107 392 35.886202 -117.688990 4.769 1.000 0 0 0 0 0 0 0 0 0 0 0 35.886202 -117.688990 4.769
2000 12 13 21 33 00.992980 393 35.629032 -117.459022 3.605 1.000 0 0 0 0 0 0 0 0 0 0 0 35.629032 -117.459022 3.605
2000 12 13 21 34 01.006401 394 35.626576 -117.451769 6.332 1.000 0 0 0 0 0 0 0 0 0 0 0 35.626576 -117.451769 6.332
2000 12 13 21 35 00.955340 395 35.895313 -117.663806 3.760 1.000 0 0 0 0 0 0 0 0 0 0 0 35.895313 -117.663806 3.760
2000 12 13 21 36 00.865222 396 35.870105 -117.697960 4.136 1.000 0 0 0 0 0 0 0 0 0 0 0 35.870105 -117.697960 4.136
2000 12 13 21 37 00.965040 397 35.597975 -117.425812 5.268 1.000 0 0 0 0 0 0 0 0 0 0 0 35.597975 -117.425812 5.268
2000 12 13 21 38 00.940475 398 35.697170 -117.534063 9.358 1.000 0 0 0 0 0 0 0 0 0 0 0 35.697170 -117.534063 9.358
2000 12 13 21 39 00.828029 399 35.942740 -117.692101 3.796 1.000 0 0 0 0 0 0 0 0 0 0 0 35.942740 -117.692101 3.796
2000 12 13 21 40 00.998718 400 35.596076 -117.603500 5.304 1.000 0 0 0 0 0 0 0 0 0 0 0 35.596076 -117.603500 5.304
2000 12 13 21 41 00.891830 401 35.880681 -117.684271 7.212 1.000 0 0 0 0 0 0 0 0 0 0 0 35.880681 -117.684271 7.212
2000 12 13 21 42 00.867682 402 35.901027 -117.743832 5.751 1.000 0 0 0 0 0 0 0 0 0 0 0 35.901027 -117.743832 5.751
2000 12 13 21 43 01.163994 403 35.613000 -117.440536 3.652 1.000 0 0 0 0 0 0 0 0 0 0 0 35.613000 -117.440536 3.652
2000 12 13 21 44 00.924434 404 35.602613 -117.585752 4.126 1.000 0 0 0 0 0 0 0 0 0 0 0 35.602613 -117.585752 4.126
2000 12 13 21 45 01.071698 405 35.902225 -117.677334 2.699 1.000 0 0 0 0 0 0 0 0 0 0 0 35.902225 -117.677334 2.699
2000 12 13 21 46 00.990776 406 35.960969 -117.706780 3.533 1.000 0 0 0 0 0 0 0 0 0 0 0 35.960969 -117.706780 3.533
2000 12 13 21 47 00.996140 407 35.935070 -117.690183 4.031 1.000 0 0 0 0 0 0 0 0 0 0 0 35.935070 -117.690183 4.031
2000 12 13 21 48 01.052324 408 35.649828 -117.449663 3.346 1.000 0 0 0 0 0 0 0 0 0 0 0 35.649828 -117.449663 3.346
2000 12 13 21 49 00.929803 409 35.667844 -117.531721 9.161 1.000 0 0 0 0 0 0 0 0 0 0 0 35.667844 -117.531721 9.161
2000 12 13 21 50 00.765594 410 35.633188 -117.424984 5.068 1.000 0 0 0 0 0 0 0 0 0 0 0 35.633188 -117.424984 5.068
2000 12 13 21 51 01.284428 411 35.823435 -117.655354 3.692 1.000 0 0 0 0 0 0 0 0 0 0 0 35.823435 -117.655354 3.692
2000 12 13 21 52 01.323281 412 35.648150 -117.444611 5.031 1.000 0 0 0 0 0 0 0 0 0 0 0 35.648150 -117.444611 5.031
2000 12 13 21 53 00.895636 413 35.631644 -117.449245 4.396 1.000 0 0 0 0 0 0 0 0 0 0 0 35.631644 -117.449245 4.396
2000 12 13 21 54 00.708898 414 35.693104 -117.536550 8.537 1.000 0 0 0 0 0 0 0 0 0 0 0 35.693104 -117.536550 8.537
2000 12 13 21 55 00.995802 415 35.972956 -117.668960 4.050 1.000 0 0 0 0 0 0 0 0 0 0 0 35.972956 -117.668960 4.050
2000 12 13 21 56 00.886514 416 36.043479 -117.844802 2.179 1.000 0 0 0 0 0 0 0 0 0 0 0 36.043479 -117.844802 2.179
2000 12 13 21 57 01.336061 417 35.979294 -117.667242 2.732 1.000 0 0 0 0 0 0 0 0 0 0 0 35.979294 -117.667242 2.732
2000 12 13 21 58 00.848134 418 35.988641 -117.671145 2.400 1.000 0 0 0 0 0 0 0 0 0 0 0 35.988641 -117.671145 2.400
2000 12 13 21 59 00.868340 419 35.658136 -117.533477 9.626 1.000 0 0 0 0 0 0 0 0 0 0 0 35.658136 -117.533477 9.626
2000 12 13 22 00 00.946543 420 35.596789 -117.385726 6.468 1.000 0 0 0 0 0 0 0 0 0 0 0 35.596789 -117.385726 6.468
2000 12 13 22 01 00.807620 421 35.607870 -117.408134 5.339 1.000 0 0 0 0 0 0 0 0 0 0 0 35.607870 -117.408134 5.339
2000 12 13 22 02 00.809105 422 36.051155 -117.853057 3.473 1.000 0 0 0 0 0 0 0 0 0 0 0 36.051155 -117.853057 3.473
2000 12 13 22 03 01.181714 423 35.592580 -117.422054 5.276 1.000 0 0 0 0 0 0 0 0 0 0 0 35.592580 -117.422054 5.276
2000 12 13 22 04 00.958195 424 35.893981 -117.695075 4.398 1.000 0 0 0 0 0 0 0 0 0 0 0 35.893981 -117.695075 4.398
2000 12 13 22 05 01.096188 425 35.894083 -117.676777 7.807 1.000 0 0 0 0 0 0 0 0 0 0 0 35.894083 -117.676777 7.807
2000 12 13 22 06 01.089924 426 35.675163 -117.486905 1.334 1.000 0 0 0 0 0 0 0 0 0 0 0 35.675163 -117.486905 1.334
2000 12 13 22 07 01.040049 427 35.676594 -117.485587 0.090 1.000 0 0 0 0 0 0 0 0 0 0 0 35.676594 -117.485587 0.090
2000 12 13 22 08 01.435782 428 35.959675 -117.701631 3.655 1.000 0 0 0 0 0 0 0 0 0 0 0 35.959675 -117.701631 3.655
2000 12 13 22 09 00.983818 429 35.908250 -117.691158 4.591 1.000 0 0 0 0 0 0 0 0 0 0 0 35.908250 -117.691158 4.591
2000 12 13 22 10 01.157030 430 35.673714 -117.492185 2.059 1.000 0 0 0 0 0 0 0 0 0 0 0 35.673714 -117.492185 2.059
2000 12 13 22 11 01.105912 431 35.761337 -117.575630 7.890 1.000 0 0 0 0 0 0 0 0 0 0 0 35.761337 -117.575630 7.890
2000 12 13 22 12 00.788233 432 35.635252 -117.432264 4.978 1.000 0 0 0 0 0 0 0 0 0 0 0 35.635252 -117.432264 4.978
2000 12 13 22 13 00.651339 433 35.673281 -117.516685 8.185 1.000 0 0 0 0 0 0 0 0 0 0 0 35.673281 -117.516685 8.185
2000 12 13 22 14 00.997013 434 36.041856 -117.871063 3.732 1.000 0 0 0 0 0 0 0 0 0 0 0 36.041856 -117.871063 3.732
2000 12 13 22 15 00.946292 435 35.934079 -117.702628 3.488 1.000 0 0 0 0 0 0 0 0 0 0 0 35.934079 -117.702628 3.488
2000 12 13 22 16 01.045583 436 35.667386 -117.530273 9.470 1.000 0 0 0 0 0 0 0 0 0 0 0 35.667386 -117.530273 9.470
2000 12 13 22 17 01.172771 437 35.919638 -117.730422 6.705 1.000 0 0 0 0 0 0 0 0 0 0 0 35.919638 -117.730422 6.705
2000 12 13 22 18 01.176677 438 35.626349 -117.428714 5.385 1.000 0 0 0 0 0 0 0 0 0 0 0 35.626349 -117.428714 5.385
2000 12 13 22 19 01.007421 439 35.652545 -117.452519 6.890 1.000 0 0 0 0 0 0 0 0 0 0 0 35.652545 -117.452519 6.890
2000 12 13 22 20 00.885154 440 35.615475 -117.468740 4.888 1.000 0 0 0 0 0 0 0 0 0 0 0 35.615475 -117.468740 4.888
2000 12 13 22 21 01.011889 441 35.904030 -117.724411 6.954 1.000 0 0 0 0 0 0 0 0 0 0 0 35.904030 -117.724411 6.954
2000 12 13 22 22 00.719283 442 35.771783 -117.562655 6.636 1.000 0 0 0 0 0 0 0 0 0 0 0 35.771783 -117.562655 6.636
2000 12 13 22 23 01.024828 443 35.971119 -117.652790 2.811 1.000 0 0 0 0 0 0 0 0 0 0 0 35.971119 -117.652790 2.811
2000 12 13 22 24 00.928641 444 35.703245 -117.499994 5.293 1.000 0 0 0 0 0 0 0 0 0 0 0 35.703245 -117.499994 5.293
2000 12 13 22 25 01.155775 445 35.737862 -117.558149 4.512 1.000 0 0 0 0 0 0 0 0 0 0 0 35.737862 -117.558149 4.512
2000 12 13 22 26 01.098841 446 35.700874 -117.506761 7.285 1.000 0 0 0 0 0 0 0 0 0 0 0 35.700874 -117.506761 7.285
2000 12 13 22 27 01.058482 447 35.908173 -117.673709 3.758 1.000 0 0 0 0 0 0 0 0 0 0 0 35.908173 -117.673709 3.758
2000 12 13 22 28 00.906473 448 35.579920 -117.615118 5.727 1.000 0 0 0 0 0 0 0 0 0 0 0 35.579920 -117.615118 5.727
2000 12 13 22 29 00.928960 449 35.573077 -117.343335 3.507 1.000 0 0 0 0 0 0 0 0 0 0 0 35.573077 -117.343335 3.507
2000 12 13 22 30 01.243724 450 35.964692 -117.659511 4.392 1.000 0 0 0 0 0 0 0 0 0 0 0 35.964692 -117.659511 4.392
2000 12 13 22 31 00.912470 451 35.571945 -117.597666 6.230 1.000 0 0 0 0 0 0 0 0 0 0 0 35.571945 -117.597666 6.230
2000 12 13 22 32 01.139017 452 35.931142 -117.711148 6.898 1.000 0 0 0 0 0 0 0 0 0 0 0 35.931142 -117.711148 6.898
2000 12 13 22 33 01.114406 453 35.666502 -117.488508 3.428 1.000 0 0 0 0 0 0 0 0 0 0 0 35.666502 -117.488508 3.428
2000 12 13 22 34 00.836465 454 35.916632 -117.689879 3.786 1.000 0 0 0 0 0 0 0 0 0 0 0 35.916632 -117.689879 3.786
2000 12 13 22 35 00.994138 455 35.818490 -117.651676 4.050 1.000 0 0 0 0 0 0 0 0 0 0 0 35.818490 -117.651676 4.050
2000 12 13 22 36 01.180207 456 35.672123 -117.542370 9.029 1.000 0 0 0 0 0 0 0 0 0 0 0 35.672123 -117.542370 9.029
2000 12 13 22 37 01.139550 457 35.650391 -117.449785 3.048 1.000 0 0 0 0 0 0 0 0 0 0 0 35.650391 -117.449785 3.048
2000 12 13 22 38 01.112199 458 35.698602 -117.582395 8.755 1.000 0 0 0 0 0 0 0 0 0 0 0 35.698602 -117.582395 8.755
2000 12 13 22 39 01.027128 459 35.626086 -117.433140 6.596 1.000 0 0 0 0 0 0 0 0 0 0 0 35.626086 -117.433140 6.596
2000 12 13 22 40 00.744061 460 35.577296 -117.608149 5.781 1.000 0 0 0 0 0 0 0 0 0 0 0 35.577296 -117.608149 5.781
2000 12 13 22 41 01.245168 461 35.675151 -117.515574 7.674 1.000 0 0 0 0 0 0 0 0 0 0 0 35.675151 -117.515574 7.674
2000 12 13 22 42 01.050746 462 35.769190 -117.574289 6.710 1.000 0 0 0 0 0 0 0 0 0 0 0 35.769190 -117.574289 6.710
2000 12 13 22 43 00.756115 463 35.761369 -117.562841 7.112 1.000 0 0 0 0 0 0 0 0 0 0 0 35.761369 -117.562841 7.112
2000 12 13 22 44 00.842137 464 35.593543 -117.410257 7.372 1.000 0 0 0 0 0 0 0 0 0 0 0 35.593543 -117.410257 7.372
2000 12 13 22 45 00.789659 465 35.963142 -117.715363 4.390 1.000 0 0 0 0 0 0 0 0 0 0 0 35.963142 -117.715363 4.390
2000 12 13 22 46 00.994534 466 35.899932 -117.702413 7.818 1.000 0 0 0 0 0 0 0 0 0 0 0 35.899932 -117.702413 7.818
2000 12 13 22 47 01.077082 467 35.728531 -117.561791 7.787 1.000 0 0 0 0 0 0 0 0 0 0 0 35.728531 -117.561791 7.787
2000 12 13 22 48 00.671305 468 35.904585 -117.687328 4.422 1.000 0 0 0 0 0 0 0 0 0 0 0 35.904585 -117.687328 4.422
2000 12 13 22 49 00.956663 469 35.879212 -117.687091 5.674 1.000 0 0 0 0 0 0 0 0 0 0 0 35.879212 -117.687091 5.674
2000 12 13 22 50 01.094904 470 35.769034 -117.572313 6.330 1.000 0 0 0 0 0 0 0 0 0 0 0 35.769034 -117.572313 6.330
2000 12 13 22 51 00.747477 471 35.585797 -117.611119 7.371 1.000 0 0 0 0 0 0 0 0 0 0 0 35.585797 -117.611119 7.371
2000 12 13 22 52 01.089263 472 35.694314 -117.513345 6.690 1.000 0 0 0 0 0 0 0 0 0 0 0 35.694314 -117.513345 6.690
2000 12 13 22 53 01.196266 473 35.568100 -117.360943 5.183 1.000 0 0 0 0 0 0 0 0 0 0 0 35.568100 -117.360943 5.183
2000 12 13 22 54 00.943302 474 35.885516 -117.702275 5.947 1.000 0 0 0 0 0 0 0 0 0 0 0 35.885516 -117.702275 5.947
2000 12 13 22 55 00.718198 475 35.675037 -117.484522 1.411 1.000 0 0 0 0 0 0 0 0 0 0 0 35.675037 -117.484522 1.411
2000 12 13 22 56 00.916641 476 35.911116 -117.694388 4.123 1.000 0 0 0 0 0 0 0 0 0 0 0 35.911116 -117.694388 4.123
2000 12 13 22 57 01.174347 477 35.672327 -117.453387 5.693 1.000 0 0 0 0 0 0 0 0 0 0 0 35.672327 -117.453387 5.693
2000 12 13 22 58 01.032885 478 35.748171 -117.571739 7.528 1.000 0 0 0 0 0 0 0 0 0 0 0 35.748171 -117.571739 7.528
2000 12 13 22 59 01.047266 479 36.066655 -117.851019 4.206 1.000 0 0 0 0 0 0 0 0 0 0 0 36.066655 -117.851019 4.206
2000 12 13 23 00 00.905773 480 35.653001 -117.520039 9.463 1.000 0 0 0 0 0 0 0 0 0 0 0 35.653001 -117.520039 9.463
2000 12 13 23 01 01.426461 481 36.061089 -117.851291 3.301 1.000 0 0 0 0 0 0 0 0 0 0 0 36.061089 -117.851291 3.301
2000 12 13 23 02 00.965580 482 35.872942 -117.675837 5.567 1.000 0 0 0 0 0 0 0 0 0 0 0 35.872942 -117.675837 5.567
2000 12 13 23 03 01.069330 483 35.907310 -117.686190 8.342 1.000 0 0 0 0 0 0 0 0 0 0 0 35.907310 -117.686190 8.342
2000 12 13 23 04 01.041903 484 35.633410 -117.445521 4.554 1.000 0 0 0 0 0 0 0 0 0 0 0 35.633410 -117.445521 4.554
2000 12 13 23 05 01.023507 485 35.655851 -117.462100 4.809 1.000 0 0 0 0 0 0 0 0 0 0 0 35.655851 -117.462100 4.809
2000 12 13 23 06 01.319061 486 35.871503 -117.685668 5.181 1.000 0 0 0 0 0 0 0 0 0 0 0 35.871503 -117.685668 5.181
2000 12 13 23 07 00.796048 487 35.829013 -117.658682 4.696 1.000 0 0 0 0 0 0 0 0 0 0 0 35.829013 -117.658682 4.696
2000 12 13 23 08 01.071559 488 35.897184 -117.682374 3.511 1.000 0 0 0 0 0 0 0 0 0 0 0 35.897184 -117.682374 3.511
2000 12 13 23 09 01.186360 489 35.572746 -117.631020 6.467 1.000 0 0 0 0 0 0 0 0 0 0 0 35.572746 -117.631020 6.467
2000 12 13 23 10 01.019966 490 35.577064 -117.354305 3.449 1.000 0 0 0 0 0 0 0 0 0 0 0 35.577064 -117.354305 3.449
2000 12 13 23 11 00.800424 491 35.902164 -117.718716 3.803 1.000 0 0 0 0 0 0 0 0 0 0 0 35.902164 -117.718716 3.803
2000 12 13 23 12 00.951111 492 35.679409 -117.510618 8.111 1.000 0 0 0 0 0 0 0 0 0 0 0 35.679409 -117.510618 8.111
2000 12 13 23 13 01.115623 493 35.922319 -117.707698 4.640 1.000 0 0 0 0 0 0 0 0 0 0 0 35.922319 -117.707698 4.640
2000 12 13 23 14 01.309818 494 35.696177 -117.586064 6.054 1.000 0 0 0 0 0 0 0 0 0 0 0 35.696177 -117.586064 6.054
2000 12 13 23 15 01.110862 495 35.956957 -117.696551 4.035 1.000 0 0 0 0 0 0 0 0 0 0 0 35.956957 -117.696551 4.035
2000 12 13 23 16 00.962916 496 35.893899 -117.707013 8.238 1.000 0 0 0 0 0 0 0 0 0 0 0 35.893899 -117.707013 8.238
2000 12 13 23 17 00.963842 497 35.641330 -117.455080 6.373 1.000 0 0 0 0 0 0 0 0 0 0 0 35.641330 -117.455080 6.373
2000 12 13 23 18 01.161873 498 35.939589 -117.695411 4.621 1.000 0 0 0 0 0 0 0 0 0 0 0 35.939589 -117.695411 4.621
2000 12 13 23 19 00.812741 499 35.675479 -117.519608 8.996 1.000 0 0 0 0 0 0 0 0 0 0 0 35.675479 -117.519608 8.996
2000 12 13 23 20 00.931651 500 35.616424 -117.431311 6.694 1.000 0 0 0 0 0 0 0 0 0 0 0 35.616424 -117.431311 6.694
2000 12 13 23 21 01.172188 501 35.638687 -117.443821 4.265 1.000 0 0 0 0 0 0 0 0 0 0 0 35.638687 -117.443821 4.265
2000 12 13 23 22 00.986784 502 35.691391 -117.528667 7.752 1.000 0 0 0 0 0 0 0 0 0 0 0 35.691391 -117.528667 7.752
2000 12 13 23 23 01.067351 503 35.599801 -117.421037 8.801 1.000 0 0 0 0 0 0 0 0 0 0 0 35.599801 -117.421037 8.801
2000 12 13 23 24 00.878918 504 35.637781 -117.450147 6.027 1.000 0 0 0 0 0 0 0 0 0 0 0 35.637781 -117.450147 6.027
2000 12 13 23 25 00.891254 505 35.902820 -117.693926 5.246 1.000 0 0 0 0 0 0 0 0 0 0 0 35.902820 -117.693926 5.246
2000 12 13 23 26 00.856002 506 35.666038 -117.473500 4.159 1.000 0 0 0 0 0 0 0 0 0 0 0 35.666038 -117.473500 4.159
2000 12 13 23 27 00.526267 507 35.931820 -117.683653 3.587 1.000 0 0 0 0 0 0 0 0 0 0 0 35.931820 -117.683653 3.587
2000 12 13 23 28 01.069362 508 36.053181 -117.839874 2.760 1.000 0 0 0 0 0 0 0 0 0 0 0 36.053181 -117.839874 2.760
2000 12 13 23 29 01.235577 509 35.566333 -117.366884 3.476 1.000 0 0 0 0 0 0 0 0 0 0 0 35.566333 -117.366884 3.476
2000 12 13 23 30 01.381986 510 35.984291 -117.666572 3.375 1.000 0 0 0 0 0 0 0 0 0 0 0 35.984291 -117.666572 3.375
2000 12 13 23 31 01.024777 511 35.883098 -117.678877 7.705 1.000 0 0 0 0 0 0 0 0 0 0 0 35.883098 -117.678877 7.705
2000 12 13 23 32 00.930173 512 35.613981 -117.402389 5.522 1.000 0 0 0 0 0 0 0 0 0 0 0 35.613981 -117.402389 5.522
2000 12 13 23 33 01.031465 513 35.659187 -117.479992 5.453 1.000 0 0 0 0 0 0 0 0 0 0 0 35.659187 -117.479992 5.453
2000 12 13 23 34 01.072198 514 35.922450 -117.710639 4.175 1.000 0 0 0 0 0 0 0 0 0 0 0 35.922450 -117.710639 4.175
2000 12 13 23 35 00.845475 515 35.881365 -117.690484 7.359 1.000 0 0 0 0 0 0 0 0 0 0 0 35.881365 -117.690484 7.359
2000 12 13 23 36 00.734132 516 36.058554 -117.837768 3.038 1.000 0 0 0 0 0 0 0 0 0 0 0 36.058554 -117.837768 3.038
2000 12 13 23 37 01.025042 517 35.898921 -117.736890 6.562 1.000 0 0 0 0 0 0 0 0 0 0 0 35.898921 -117.736890 6.562
2000 12 13 23 38 00.924707 518 35.671663 -117.526170 7.916 1.000 0 0 0 0 0 0 0 0 0 0 0 35.671663 -117.526170 7.916
2000 12 13 23 39 01.044798 519 35.903491 -117.672065 3.331 1.000 0 0 0 0 0 0 0 0 0 0 0 35.903491 -117.672065 3.331
2000 12 13 23 40 00.963012 520 35.720653 -117.551724 4.763 1.000 0 0 0 0 0 0 0 0 0 0 0 35.720653 -117.551724 4.763
2000 12 13 23 41 00.950917 521 35.952996 -117.681658 4.178 1.000 0 0 0 0 0 0 0 0 0 0 0 35.952996 -117.681658 4.178
2000 12 13 23 42 01.181833 522 35.882704 -117.707951 8.467 1.000 0 0 0 0 0 0 0 0 0 0 0 35.882704 -117.707951 8.467
2000 12 13 23 43 01.209053 523 35.953611 -117.706961 5.002 1.000 0 0 0 0 0 0 0 0 0 0 0 35.953611 -117.706961 5.002
2000 12 13 23 44 00.936126 524 35.580299 -117.416336 5.338 1.000 0 0 0 0 0 0 0 0 0 0 0 35.580299 -117.416336 5.338
2000 12 13 23 45 01.094604 525 35.755417 -117.581388 6.396 1.000 0 0 0 0 0 0 0 0 0 0 0 35.755417 -117.581388 6.396
2000 12 13 23 46 01.186160 526 35.685305 -117.515265 7.327 1.000 0 0 0 0 0 0 0 0 0 0 0 35.685305 -117.515265 7.327
2000 12 13 23 47 00.766751 527 35.674244 -117.525364 7.714 1.000 0 0 0 0 0 0 0 0 0 0 0 35.674244 -117.525364 7.714
2000 12 13 23 48 01.105176 528 35.899012 -117.690779 5.705 1.000 0 0 0 0 0 0 0 0 0 0 0 35.899012 -117.690779 5.705
2000 12 13 23 49 00.837144 529 35.887643 -117.688345 3.082 1.000 0 0 0 0 0 0 0 0 0 0 0 35.887643 -117.688345 3.082
2000 12 13 23 50 00.911557 530 35.964657 -117.717879 3.762 1.000 0 0 0 0 0 0 0 0 0 0 0 35.964657 -117.717879 3.762
2000 12 13 23 51 01.464882 531 35.915395 -117.734446 4.431 1.000 0 0 0 0 0 0 0 0 0 0 0 35.915395 -117.734446 4.431
2000 12 13 23 52 01.000720 532 35.680135 -117.514839 6.170 1.000 0 0 0 0 0 0 0 0 0 0 0 35.680135 -117.514839 6.170
2000 12 13 23 53 00.772537 533 36.068460 -117.841677 3.918 1.000 0 0 0 0 0 0 0 0 0 0 0 36.068460 -117.841677 3.918
2000 12 13 23 54 01.065014 534 35.702464 -117.498245 5.295 1.000 0 0 0 0 0 0 0 0 0 0 0 35.702464 -117.498245 5.295
2000 12 13 23 55 01.418226 535 36.025777 -117.861729 3.170 1.000 0 0 0 0 0 0 0 0 0 0 0 36.025777 -117.861729 3.170
2000 12 13 23 56 01.096091 536 35.644588 -117.441425 6.308 1.000 0 0 0 0 0 0 0 0 0 0 0 35.644588 -117.441425 6.308
2000 12 13 23 57 00.774301 537 35.771120 -117.574652 7.100 1.000 0 0 0 0 0 0 0 0 0 0 0 35.771120 -117.574652 7.100
2000 12 13 23 58 00.679695 538 35.862037 -117.665787 8.042 1.000 0 0 0 0 0 0 0 0 0 0 0 35.862037 -117.665787 8.042
2000 12 13 23 59 01.056661 539 35.912635 -117.731505 6.160 1.000 0 0 0 0 0 0 0 0 0 0 0 35.912635 -117.731505 6.160
2000 12 14 00 00 01.016603 540 35.630631 -117.427605 3.941 1.000 0 0 0 0 0 0 0 0 0 0 0 35.630631 -117.427605 3.941
2000 12 14 00 01 00.754699 541 35.903608 -117.705516 8.739 1.000 0 0 0 0 0 0 0 0 0 0 0 35.903608 -117.705516 8.739
2000 12 14 00 02 00.936643 542 35.943184 -117.707474 3.898 1.000 0 0 0 0 0 0 0 0 0 0 0 35.943184 -117.707474 3.898
2000 12 14 00 03 01.061424 543 35.630653 -117.453773 5.741 1.000 0 0 0 0 0 0 0 0 0 0 0 35.630653 -117.453773 5.741
2000 12 14 00 04 01.120985 544 35.694703 -117.539142 10.457 1.000 0 0 0 0 0 0 0 0 0 0 0 35.694703 -117.539142 10.457
2000 12 14 00 05 00.961717 545 35.574590 -117.338726 3.764 1.000 0 0 0 0 0 0 0 0 0 0 0 35.574590 -117.338726 3.764
2000 12 14 00 06 01.051190 546 35.678775 -117.469674 5.943 1.000 0 0 0 0 0 0 0 0 0 0 0 35.678775 -117.469674 5.943
2000 12 14 00 07 00.898474 547 35.890648 -117.717698 5.306 1.000 0 0 0 0 0 0 0 0 0 0 0 35.890648 -117.717698 5.306
2000 12 14 00 08 01.073961 548 35.879179 -117.693840 7.514 1.000 0 0 0 0 0 0 0 0 0 0 0 35.879179 -117.693840 7.514
2000 12 14 00 09 00.740781 549 35.782931 -117.568569 5.383 1.000 0 0 0 0 0 0 0 0 0 0 0 35.782931 -117.568569 5.383
2000 12 14 00 10 00.976894 550 35.929588 -117.701959 3.539 1.000 0 0 0 0 0 0 0 0 0 0 0 35.929588 -117.701959 3.539
2000 12 14 00 11 01.091968 551 36.061993 -117.860069 3.520 1.000 0 0 0 0 0 0 0 0 0 0 0 36.061993 -117.860069 3.520
2000 12 14 00 12 00.798789 552 35.879486 -117.697428 7.162 1.000 0 0 0 0 0 0 0 0 0 0 0 35.879486 -117.697428 7.162
2000 12 14 00 13 01.239093 553 35.720518 -117.524451 4.922 1.000 0 0 0 0 0 0 0 0 0 0 0 35.720518 -117.524451 4.922
2000 12 14 00 14 01.239970 554 35.670481 -117.479447 4.176 1.000 0 0 0 0 0 0 0 0 0 0 0 35.670481 -117.479447 4.176
2000 12 14 00 15 01.006365 555 35.881991 -117.727071 4.864 1.000 0 0 0 0 0 0 0 0 0 0 0 35.881991 -117.727071 4.864
2000 12 14 00 16 01.177940 556 36.039644 -117.861935 2.474 1.000 0 0 0 0 0 0 0 0 0 0 0 36.039644 -117.861935 2.474
2000 12 14 00 17 01.306000 557 35.670343 -117.515472 4.114 1.000 0 0 0 0 0 0 0 0 0 0 0 35.670343 -117.515472 4.114
2000 12 14 00 18 00.580273 558 35.719048 -117.582565 7.193 1.000 0 0 0 0 0 0 0 0 0 0 0 35.719048 -117.582565 7.193
2000 12 14 00 19 00.556885 559 35.930779 -117.692855 3.532 1.000 0 0 0 0 0 0 0 0 0 0 0 35.930779 -117.692855 3.532
2000 12 14 00 20 01.024847 560 35.889373 -117.737593 5.662 1.000 0 0 0 0 0 0 0 0 0 0 0 35.889373 -117.737593 5.662
2000 12 14 00 21 01.282171 561 35.746417 -117.558879 4.687 1.000 0 0 0 0 0 0 0 0 0 0 0 35.746417 -117.558879 4.687
2000 12 14 00 22 00.882351 562 35.916869 -117.710528 4.479 1.000 0 0 0 0 0 0 0 0 0 0 0 35.916869 -117.710528 4.479
2000 12 14 00 23 00.727312 563 36.030545 -117.837464 3.991 1.000 0 0 0 0 0 0 0 0 0 0 0 36.030545 -117.837464 3.991
2000 12 14 00 24 00.785259 564 35.619340 -117.454172 5.839 1.000 0 0 0 0 0 0 0 0 0 0 0 35.619340 -117.454172 5.839
2000 12 14 00 25 01.000046 565 35.872940 -117.696766 6.752 1.000 0 0 0 0 0 0 0 0 0 0 0 35.872940 -117.696766 6.752
2000 12 14 00 26 01.050060 566 35.643080 -117.454476 3.362 1.000 0 0 0 0 0 0 0 0 0 0 0 35.643080 -117.454476 3.362
2000 12 14 00 27 00.621427 567 35.687255 -117.519520 7.628 1.000 0 0 0 0 0 0 0 0 0 0 0 35.687255 -117.519520 7.628
2000 12 14 00 28 00.747743 568 35.681688 -117.515775 7.035 1.000 0 0 0 0 0 0 0 0 0 0 0 35.681688 -117.515775 7.035
2000 12 14 00 29 00.819934 569 35.941713 -117.692324 3.517 1.000 0 0 0 0 0 0 0 0 0 0 0 35.941713 -117.692324 3.517
2000 12 14 00 30 01.065436 570 35.925087 -117.710261 3.934 1.000 0 0 0 0 0 0 0 0 0 0 0 35.925087 -117.710261 3.934
2000 12 14 00 31 01.462577 571 35.891211 -117.704981 6.325 1.000 0 0 0 0 0 0 0 0 0 0 0 35.891211 -117.704981 6.325
2000 12 14 00 32 00.896293 572 35.691167 -117.540650 8.797 1.000 0 0 0 0 0 0 0 0 0 0 0 35.691167 -117.540650 8.797
2000 12 14 00 33 01.020497 573 35.887325 -117.685306 7.164 1.000 0 0 0 0 0 0 0 0 0 0 0 35.887325 -117.685306 7.164
2000 12 14 00 34 01.139437 574 35.702271 -117.498383 8.145 1.000 0 0 0 0 0 0 0 0 0 0 0 35.702271 -117.498383 8.145
2000 12 14 00 35 00.944539 575 36.040696 -117.866436 2.291 1.000 0 0 0 0 0 0 0 0 0 0 0 36.040696 -117.866436 2.291
2000 12 14 00 36 00.810920 576 35.597322 -117.588676 5.738 1.000 0 0 0 0 0 0 0 0 0 0 0 35.597322 -117.588676 5.738
2000 12 14 00 37 01.108392 577 35.673639 -117.507002 8.062 1.000 0 0 0 0 0 0 0 0 0 0 0 35.673639 -117.507002 8.062
2000 12 14 00 38 01.127438 578 35.896673 -117.689667 4.005 1.000 0 0 0 0 0 0 0 0 0 0 0 35.896673 -117.689667 4.005
2000 12 14 00 39 01.231172 579 35.842755 -117.666585 3.965 1.000 0 0 0 0 0 0 0 0 0 0 0 35.842755 -117.666585 3.965
2000 12 14 00 40 00.952388 580 35.887946 -117.735956 6.683 1.000 0 0 0 0 0 0 0 0 0 0 0 35.887946 -117.735956 6.683
2000 12 14 00 41 00.706664 581 35.634794 -117.448606 4.042 1.000 0 0 0 0 0 0 0 0 0 0 0 35.634794 -117.448606 4.042
2000 12 14 00 42 01.303436 582 35.906645 -117.696427 5.859 1.000 0 0 0 0 0 0 0 0 0 0 0 35.906645 -117.696427 5.859
2000 12 14 00 43 00.803129 583 35.660408 -117.531491 10.141 1.000 0 0 0 0 0 0 0 0 0 0 0 35.660408 -117.531491 10.141
2000 12 14 00 44 00.854514 584 35.652652 -117.459286 0.991 1.000 0 0 0 0 0 0 0 0 0 0 0 35.652652 -117.459286 0.991
2000 12 14 00 45 00.559329 585 35.983851 -117.666584 3.132 1.000 0 0 0 0 0 0 0 0 0 0 0 35.983851 -117.666584 3.132
2000 12 14 00 46 00.874773 586 35.990979 -117.661207 3.288 1.000 0 0 0 0 0 0 0 0 0 0 0 35.990979 -117.661207 3.288
2000 12 14 00 47 01.003012 587 35.917903 -117.713613 5.901 1.000 0 0 0 0 0 0 0 0 0 0 0 35.917903 -117.713613 5.901
2000 12 14 00 48 01.013880 588 35.918478 -117.732235 5.073 1.000 0 0 0 0 0 0 0 0 0 0 0 35.918478 -117.732235 5.073
2000 12 14 00 49 00.876895 589 35.980322 -117.672215 1.367 1.000 0 0 0 0 0 0 0 0 0 0 0 35.980322 -117.672215 1.367
2000 12 14 00 50 01.173709 590 35.620035 -117.453880 4.961 1.000 0 0 0 0 0 0 0 0 0 0 0 35.620035 -117.453880 4.961
2000 12 14 00 51 00.663181 591 35.611713 -117.416361 6.003 1.000 0 0 0 0 0 0 0 0 0 0 0 35.611713 -117.416361 6.003
2000 12 14 00 52 01.119204 592 35.879507 -117.688946 7.379 1.000 0 0 0 0 0 0 0 0 0 0 0 35.879507 -117.688946 7.379
2000 12 14 00 53 01.154619 593 35.582502 -117.416168 5.074 1.000 0 0 0 0 0 0 0 0 0 0 0 35.582502 -117.416168 5.074
2000 12 14 00 54 00.992428 594 35.923501 -117.663591 4.037 1.000 0 0 0 0 0 0 0 0 0 0 0 35.923501 -117.663591 4.037
2000 12 14 00 55 00.788831 595 35.893906 -117.685273 9.122 1.000 0 0 0 0 0 0 0 0 0 0 0 35.893906 -117.685273 9.122
2000 12 14 00 56 00.910352 596 35.643761 -117.448133 4.187 1.000 0 0 0 0 0 0 0 0 0 0 0 35.643761 -117.448133 4.187
2000 12 14 00 57 01.017136 597 35.677103 -117.503392 5.545 1.000 0 0 0 0 0 0 0 0 0 0 0 35.677103 -117.503392 5.545
2000 12 14 00 58 00.900843 598 35.658383 -117.462502 2.348 1.000 0 0 0 0 0 0 0 0 0 0 0 35.658383 -117.462502 2.348
2000 12 14 00 59 01.125452 599 35.882717 -117.706374 3.724 1.000 0 0 0 0 0 0 0 0 0 0 0 35.882717 -117.706374 3.724
2000 12 14 01 00 00.930052 600 35.881392 -117.691305 8.444 1.000 0 0 0 0 0 0 0 0 0 0 0 35.881392 -117.691305 8.444
2000 12 14 01 01 00.988766 601 35.668568 -117.496211 2.875 1.000 0 0 0 0 0 0 0 0 0 0 0 35.668568 -117.496211 2.875
2000 12 14 01 02 01.137502 602 35.953187 -117.683949 4.131 1.000 0 0 0 0 0 0 0 0 0 0 0 35.953187 -117.683949 4.131
2000 12 14 01 03 01.080172 603 35.562329 -117.352412 2.025 1.000 0 0 0 0 0 0 0 0 0 0 0 35.562329 -117.352412 2.025
2000 12 14 01 04 01.202175 604 35.748984 -117.567011 5.065 1.000 0 0 0 0 0 0 0 0 0 0 0 35.748984 -117.567011 5.065
2000 12 14 01 05 01.216213 605 35.713216 -117.542287 6.989 1.000 0 0 0 0 0 0 0 0 0 0 0 35.713216 -117.542287 6.989
2000 12 14 01 06 01.304833 606 35.575811 -117.341231 4.375 1.000 0 0 0 0 0 0 0 0 0 0 0 35.575811 -117.341231 4.375
2000 12 14 01 07 01.007701 607 35.957907 -117.695306 4.396 1.000 0 0 0 0 0 0 0 0 0 0 0 35.957907 -117.695306 4.396
2000 12 14 01 08 01.033403 608 35.714690 -117.549860 3.923 1.000 0 0 0 0 0 0 0 0 0 0 0 35.714690 -117.549860 3.923
2000 12 14 01 09 00.774390 609 35.828271 -117.635834 3.862 1.000 0 0 0 0 0 0 0 0 0 0 0 35.828271 -117.635834 3.862
2000 12 14 01 10 00.887572 610 35.713175 -117.527687 7.833 1.000 0 0 0 0 0 0 0 0 0 0 0 35.713175 -117.527687 7.833
2000 12 14 01 11 00.859840 611 36.038187 -117.872939 3.393 1.000 0 0 0 0 0 0 0 0 0 0 0 36.038187 -117.872939 3.393
2000 12 14 01 12 01.355365 612 35.662617 -117.480964 6.675 1.000 0 0 0 0 0 0 0 0 0 0 0 35.662617 -117.480964 6.675
2000 12 14 01 13 01.073277 613 36.052986 -117.851832 1.978 1.000 0 0 0 0 0 0 0 0 0 0 0 36.052986 -117.851832 1.978
2000 12 14 01 14 01.161494 614 35.706437 -117.561166 8.001 1.000 0 0 0 0 0 0 0 0 0 0 0 35.706437 -117.561166 8.001
2000 12 14 01 15 00.910949 615 35.606390 -117.581399 4.110 1.000 0 0 0 0 0 0 0 0 0 0 0 35.606390 -117.581399 4.110
2000 12 14 01 16 00.913018 616 35.687761 -117.499997 6.472 1.000 0 0 0 0 0 0 0 0 0 0 0 35.687761 -117.499997 6.472
2000 12 14 01 17 01.006816 617 35.961796 -117.699063 3.903 1.000 0 0 0 0 0 0 0 0 0 0 0 35.961796 -117.699063 3.903
2000 12 14 01 18 01.319478 618 35.643311 -117.448487 5.084 1.000 0 0 0 0 0 0 0 0 0 0 0 35.643311 -117.448487 5.084
2000 12 14 01 19 01.042684 619 35.904625 -117.726792 5.995 1.000 0 0 0 0 0 0 0 0 0 0 0 35.904625 -117.726792 5.995
2000 12 14 01 20 01.352675 620 36.019597 -117.862187 3.376 1.000 0 0 0 0 0 0 0 0 0 0 0 36.019597 -117.862187 3.376
2000 12 14 01 21 01.038808 621 35.907875 -117.689725 4.808 1.000 0 0 0 0 0 0 0 0 0 0 0 35.907875 -117.689725 4.808
2000 12 14 01 22 01.030594 622 35.946025 -117.696330 4.044 1.000 0 0 0 0 0 0 0 0 0 0 0 35.946025 -117.696330 4.044
2000 12 14 01 23 00.891780 623 35.577219 -117.605903 5.614 1.000 0 0 0 0 0 0 0 0 0 0 0 35.577219 -117.605903 5.614
2000 12 14 01 24 00.789856 624 35.584586 -117.352675 4.674 1.000 0 0 0 0 0 0 0 0 0 0 0 35.584586 -117.352675 4.674
2000 12 14 01 25 01.172634 625 35.917682 -117.720480 6.161 1.000 0 0 0 0 0 0 0 0 0 0 0 35.917682 -117.720480 6.161
2000 12 14 01 26 01.049470 626 36.029138 -117.852343 3.323 1.000 0 0 0 0 0 0 0 0 0 0 0 36.029138 -117.852343 3.323
2000 12 14 01 27 01.292952 627 35.569680 -117.592333 7.245 1.000 0 0 0 0 0 0 0 0 0 0 0 35.569680 -117.592333 7.245
2000 12 14 01 28 01.055413 628 35.687857 -117.531400 8.910 1.000 0 0 0 0 0 0 0 0 0 0 0 35.687857 -117.531400 8.910
2000 12 14 01 29 01.249355 629 35.682314 -117.516213 8.502 1.000 0 0 0 0 0 0 0 0 0 0 0 35.682314 -117.516213 8.502
2000 12 14 01 30 01.075974 630 35.894327 -117.715041 7.868 1.000 0 0 0 0 0 0 0 0 0 0 0 35.894327 -117.715041 7.868
2000 12 14 01 31 01.071895 631 35.932355 -117.720156 3.079 1.000 0 0 0 0 0 0 0 0 0 0 0 35.932355 -117.720156 3.079
2000 12 14 01 32 01.134156 632 35.693313 -117.520540 9.184 1.000 0 0 0 0 0 0 0 0 0 0 0 35.693313 -117.520540 9.184
2000 12 14 01 33 01.027790 633 35.692664 -117.507250 7.740 1.000 0 0 0 0 0 0 0 0 0 0 0 35.692664 -117.507250 7.740
2000 12 14 01 34 01.009533 634 35.618730 -117.433047 7.178 1.000 0 0 0 0 0 0 0 0 0 0 0 35.618730 -117.433047 7.178
2000 12 14 01 35 01.068126 635 35.918585 -117.693718 5.838 1.000 0 0 0 0 0 0 0 0 0 0 0 35.918585 -117.693718 5.838
2000 12 14 01 36 00.837209 636 35.821186 -117.649310 3.086 1.000 0 0 0 0 0 0 0 0 0 0 0 35.821186 -117.649310 3.086
2000 12 14 01 37 01.146109 637 35.883979 -117.684816 7.969 1.000 0 0 0 0 0 0 0 0 0 0 0 35.883979 -117.684816 7.969
2000 12 14 01 38 00.856545 638 35.703680 -117.562553 8.622 1.000 0 0 0 0 0 0 0 0 0 0 0 35.703680 -117.562553 8.622
2000 12 14 01 39 00.674317 639 35.920419 -117.713363 6.580 1.000 0 0 0 0 0 0 0 0 0 0 0 35.920419 -117.713363 6.580
2000 12 14 01 40 01.298115 640 35.899871 -117.723033 4.229 1.000 0 0 0 0 0 0 0 0 0 0 0 35.899871 -117.723033 4.229
2000 12 14 01 41 01.362943 641 35.716825 -117.515003 4.850 1.000 0 0 0 0 0 0 0 0 0 0 0 35.716825 -117.515003 4.850
2000 12 14 01 42 01.052693 642 35.757758 -117.560992 5.539 1.000 0 0 0 0 0 0 0 0 0 0 0 35.757758 -117.560992 5.539
2000 12 14 01 43 00.847011 643 35.916015 -117.732478 4.183 1.000 0 0 0 0 0 0 0 0 0 0 0 35.916015 -117.732478 4.183
2000 12 14 01 44 01.014954 644 35.595882 -117.426619 5.762 1.000 0 0 0 0 0 0 0 0 0 0 0 35.595882 -117.426619 5.762
2000 12 14 01 45 01.173998 645 35.925300 -117.679433 3.582 1.000 0 0 0 0 0 0 0 0 0 0 0 35.925300 -117.679433 3.582
2000 12 14 01 46 01.105082 646 35.716389 -117.560933 6.753 1.000 0 0 0 0 0 0 0 0 0 0 0 35.716389 -117.560933 6.753
2000 12 14 01 47 00.848632 647 35.977077 -117.667561 4.058 1.000 0 0 0 0 0 0 0 0 0 0 0 35.977077 -117.667561 4.058
2000 12 14 01 48 01.102866 648 35.595126 -117.426317 5.623 1.000 0 0 0 0 0 0 0 0 0 0 0 35.595126 -117.426317 5.623
2000 12 14 01 49 00.783215 649 35.741777 -117.557028 4.852 1.000 0 0 0 0 0 0 0 0 0 0 0 35.741777 -117.557028 4.852
2000 12 14 01 50 01.123500 650 35.889951 -117.733229 5.596 1.000 0 0 0 0 0 0 0 0 0 0 0 35.889951 -117.733229 5.596
2000 12 14 01 51 00.948171 651 35.956063 -117.709323 4.916 1.000 0 0 0 0 0 0 0 0 0 0 0 35.956063 -117.709323 4.916
2000 12 14 01 52 01.222389 652 35.669880 -117.473286 4.701 1.000 0 0 0 0 0 0 0 0 0 0 0 35.669880 -117.473286 4.701
2000 12 14 01 53 01.084951 653 35.663237 -117.515001 7.941 1.000 0 0 0 0 0 0 0 0 0 0 0 35.663237 -117.515001 7.941
2000 12 14 01 54 00.793457 654 35.952982 -117.687500 4.849 1.000 0 0 0 0 0 0 0 0 0 0 0 35.952982 -117.687500 4.849
2000 12 14 01 55 00.961849 655 35.582205 -117.618499 6.615 1.000 0 0 0 0 0 0 0 0 0 0 0 35.582205 -117.618499 6.615
2000 12 14 01 56 00.523456 656 35.895359 -117.694952 5.134 1.000 0 0 0 0 0 0 0 0 0 0 0 35.895359 -117.694952 5.134
2000 12 14 01 57 01.076827 657 35.936073 -117.699561 4.589 1.000 0 0 0 0 0 0 0 0 0 0 0 35.936073 -117.699561 4.589
2000 12 14 01 58 00.640480 658 35.891168 -117.678149 7.154 1.000 0 0 0 0 0 0 0 0 0 0 0 35.891168 -117.678149 7.154
2000 12 14 01 59 01.058629 659 35.675882 -117.470424 5.613 1.000 0 0 0 0 0 0 0 0 0 0 0 35.675882 -117.470424 5.613
2000 12 14 02 00 00.824915 660 35.665025 -117.476569 5.378 1.000 0 0 0 0 0 0 0 0 0 0 0 35.665025 -117.476569 5.378
2000 12 14 02 01 00.834986 661 35.669767 -117.476731 2.842 1.000 0 0 0 0 0 0 0 0 0 0 0 35.669767 -117.476731 2.842
2000 12 14 02 02 00.960599 662 35.584429 -117.354612 4.600 1.000 0 0 0 0 0 0 0 0 0 0 0 35.584429 -117.354612 4.600
2000 12 14 02 03 00.974021 663 35.884646 -117.677445 5.439 1.000 0 0 0 0 0 0 0 0 0 0 0 35.884646 -117.677445 5.439
2000 12 14 02 04 01.084378 664 35.908264 -117.675902 3.609 1.000 0 0 0 0 0 0 0 0 0 0 0 35.908264 -117.675902 3.609
2000 12 14 02 05 01.077950 665 35.937279 -117.692862 3.588 1.000 0 0 0 0 0 0 0 0 0 0 0 35.937279 -117.692862 3.588
2000 12 14 02 06 01.069712 666 35.664981 -117.530988 7.577 1.000 0 0 0 0 0 0 0 0 0 0 0 35.664981 -117.530988 7.577
2000 12 14 02 07 01.168841 667 36.045573 -117.866331 4.105 1.000 0 0 0 0 0 0 0 0 0 0 0 36.045573 -117.866331 4.105
2000 12 14 02 08 00.928752 668 35.897114 -117.672778 4.684 1.000 0 0 0 0 0 0 0 0 0 0 0 35.897114 -117.672778 4.684
2000 12 14 02 09 01.531187 669 35.878611 -117.710102 4.554 1.000 0 0 0 0 0 0 0 0 0 0 0 35.878611 -117.710102 4.554
2000 12 14 02 10 01.250317 670 35.640017 -117.451562 3.847 1.000 0 0 0 0 0 0 0 0 0 0 0 35.640017 -117.451562 3.847
2000 12 14 02 11 00.892998 671 35.868142 -117.680527 8.642 1.000 0 0 0 0 0 0 0 0 0 0 0 35.868142 -117.680527 8.642
2000 12 14 02 12 00.861936 672 35.684706 -117.532164 8.572 1.000 0 0 0 0 0 0 0 0 0 0 0 35.684706 -117.532164 8.572
2000 12 14 02 13 01.095692 673 35.831376 -117.640966 5.006 1.000 0 0 0 0 0 0 0 0 0 0 0 35.831376 -117.640966 5.006
2000 12 14 02 14 00.777533 674 36.059525 -117.850783 3.213 1.000 0 0 0 0 0 0 0 0 0 0 0 36.059525 -117.850783 3.213
2000 12 14 02 15 00.740612 675 35.653525 -117.520397 8.492 1.000 0 0 0 0 0 0 0 0 0 0 0 35.653525 -117.520397 8.492
2000 12 14 02 16 00.968382 676 36.049382 -117.852761 3.741 1.000 0 0 0 0 0 0 0 0 0 0 0 36.049382 -117.852761 3.741
2000 12 14 02 17 01.114312 677 35.684604 -117.540000 8.028 1.000 0 0 0 0 0 0 0 0 0 0 0 35.684604 -117.540000 8.028
2000 12 14 02 18 01.203275 678 35.627389 -117.434657 6.942 1.000 0 0 0 0 0 0 0 0 0 0 0 35.627389 -117.434657 6.942
2000 12 14 02 19 00.998053 679 35.915430 -117.712640 5.811 1.000 0 0 0 0 0 0 0 0 0 0 0 35.915430 -117.712640 5.811
2000 12 14 02 20 01.046354 680 35.749448 -117.560362 6.885 1.000 0 0 0 0 0 0 0 0 0 0 0 35.749448 -117.560362 6.885
2000 12 14 02 21 00.831061 681 35.603191 -117.431946 4.672 1.000 0 0 0 0 0 0 0 0 0 0 0 35.603191 -117.431946 4.672
2000 12 14 02 22 01.234567 682 35.771083 -117.560711 6.510 1.000 0 0 0 0 0 0 0 0 0 0 0 35.771083 -117.560711 6.510
2000 12 14 02 23 00.634364 683 35.899892 -117.713547 6.668 1.000 0 0 0 0 0 0 0 0 0 0 0 35.899892 -117.713547 6.668
2000 12 14 02 24 01.120895 684 35.690466 -117.506627 5.538 1.000 0 0 0 0 0 0 0 0 0 0 0 35.690466 -117.506627 5.538
2000 12 14 02 25 00.832062 685 35.618380 -117.455482 5.529 1.000 0 0 0 0 0 0 0 0 0 0 0 35.618380 -117.455482 5.529
2000 12 14 02 26 01.076712 686 35.633284 -117.430937 4.252 1.000 0 0 0 0 0 0 0 0 0 0 0 35.633284 -117.430937 4.252
2000 12 14 02 27 01.212055 687 35.712075 -117.562633 5.965 1.000 0 0 0 0 0 0 0 0 0 0 0 35.712075 -117.562633 5.965
2000 12 14 02 28 01.320776 688 35.585179 -117.428877 4.873 1.000 0 0 0 0 0 0 0 0 0 0 0 35.585179 -117.428877 4.873
2000 12 14 02 29 01.068664 689 35.570978 -117.617238 6.401 1.000 0 0 0 0 0 0 0 0 0 0 0 35.570978 -117.617238 6.401
2000 12 14 02 30 00.951387 690 35.653781 -117.437060 2.399 1.000 0 0 0 0 0 0 0 0 0 0 0 35.653781 -117.437060 2.399
2000 12 14 02 31 00.718488 691 35.894729 -117.678406 8.013 1.000 0 0 0 0 0 0 0 0 0 0 0 35.894729 -117.678406 8.013
2000 12 14 02 32 00.683955 692 35.709029 -117.507414 6.945 1.000 0 0 0 0 0 0 0 0 0 0 0 35.709029 -117.507414 6.945
2000 12 14 02 33 00.979810 693 35.695764 -117.512975 8.180 1.000 0 0 0 0 0 0 0 0 0 0 0 35.695764 -117.512975 8.180
2000 12 14 02 34 00.648271 694 36.058519 -117.845683 3.260 1.000 0 0 0 0 0 0 0 0 0 0 0 36.058519 -117.845683 3.260
2000 12 14 02 35 00.867519 695 35.963125 -117.676536 4.846 1.000 0 0 0 0 0 0 0 0 0 0 0 35.963125 -117.676536 4.846
2000 12 14 02 36 01.392449 696 35.668900 -117.522441 10.414 1.000 0 0 0 0 0 0 0 0 0 0 0 35.668900 -117.522441 10.414
2000 12 14 02 37 01.030070 697 36.055734 -117.839157 2.738 1.000 0 0 0 0 0 0 0 0 0 0 0 36.055734 -117.839157 2.738
2000 12 14 02 38 01.016046 698 35.685655 -117.511893 8.223 1.000 0 0 0 0 0 0 0 0 0 0 0 35.685655 -117.511893 8.223
2000 12 14 02 39 00.905640 699 35.612473 -117.587906 6.039 1.000 0 0 0 0 0 0 0 0 0 0 0 35.612473 -117.587906 6.039
2000 12 14 02 40 00.961819 700 35.590343 -117.404325 7.590 1.000 0 0 0 0 0 0 0 0 0 0 0 35.590343 -117.404325 7.590
2000 12 14 02 41 01.258671 701 35.663861 -117.484040 1.433 1.000 0 0 0 0 0 0 0 0 0 0 0 35.663861 -117.484040 1.433
2000 12 14 02 42 01.158568 702 35.746147 -117.564369 4.795 1.000 0 0 0 0 0 0 0 0 0 0 0 35.746147 -117.564369 4.795
2000 12 14 02 43 01.250832 703 35.596678 -117.424437 5.086 1.000 0 0 0 0 0 0 0 0 0 0 0 35.596678 -117.424437 5.086
2000 12 14 02 44 01.219876 704 35.744057 -117.574240 4.484 1.000 0 0 0 0 0 0 0 0 0 0 0 35.744057 -117.574240 4.484
2000 12 14 02 45 00.952651 705 35.889664 -117.677123 7.949 1.000 0 0 0 0 0 0 0 0 0 0 0 35.889664 -117.677123 7.949
2000 12 14 02 46 01.296974 706 35.595360 -117.440150 6.332 1.000 0 0 0 0 0 0 0 0 0 0 0 35.595360 -117.440150 6.332
2000 12 14 02 47 01.081485 707 35.686080 -117.508617 1.813 1.000 0 0 0 0 0 0 0 0 0 0 0 35.686080 -117.508617 1.813
2000 12 14 02 48 00.979976 708 35.617407 -117.452142 6.652 1.000 0 0 0 0 0 0 0 0 0 0 0 35.617407 -117.452142 6.652
2000 12 14 02 49 00.945282 709 36.025594 -117.852537 3.862 1.000 0 0 0 0 0 0 0 0 0 0 0 36.025594 -117.852537 3.862
2000 12 14 02 50 01.131421 710 35.666080 -117.468511 4.635 1.000 0 0 0 0 0 0 0 0 0 0 0 35.666080 -117.468511 4.635
2000 12 14 02 51 00.923023 711 35.674691 -117.482220 6.250 1.000 0 0 0 0 0 0 0 0 0 0 0 35.674691 -117.482220 6.250
2000 12 14 02 52 01.133932 712 35.603602 -117.474803 4.535 1.000 0 0 0 0 0 0 0 0 0 0 0 35.603602 -117.474803 4.535
2000 12 14 02 53 00.420649 713 35.903008 -117.704110 6.435 1.000 0 0 0 0 0 0 0 0 0 0 0 35.903008 -117.704110 6.435
2000 12 14 02 54 00.946232 714 35.577794 -117.346116 3.645 1.000 0 0 0 0 0 0 0 0 0 0 0 35.577794 -117.346116 3.645
2000 12 14 02 55 00.978850 715 35.909665 -117.741130 4.209 1.000 0 0 0 0 0 0 0 0 0 0 0 35.909665 -117.741130 4.209
2000 12 14 02 56 01.351822 716 35.656626 -117.498683 5.414 1.000 0 0 0 0 0 0 0 0 0 0 0 35.656626 -117.498683 5.414
2000 12 14 02 57 00.860697 717 35.654068 -117.519244 9.320 1.000 0 0 0 0 0 0 0 0 0 0 0 35.654068 -117.519244 9.320
2000 12 14 02 58 01.507446 718 35.884422 -117.685982 6.957 1.000 0 0 0 0 0 0 0 0 0 0 0 35.884422 -117.685982 6.957
2000 12 14 02 59 00.959433 719 35.732572 -117.561781 4.708 1.000 0 0 0 0 0 0 0 0 0 0 0 35.732572 -117.561781 4.708
2000 12 14 03 00 00.664420 720 35.600665 -117.422641 5.717 1.000 0 0 0 0 0 0 0 0 0 0 0 35.600665 -117.422641 5.717
2000 12 14 03 01 00.986767 721 35.925097 -117.715953 3.914 1.000 0 0 0 0 0 0 0 0 0 0 0 35.925097 -117.715953 3.914
2000 12 14 03 02 01.071938 722 36.057735 -117.841571 4.448 1.000 0 0 0 0 0 0 0 0 0 0 0 36.057735 -117.841571 4.448
2000 12 14 03 03 00.998285 723 35.882154 -117.695149 4.471 1.000 0 0 0 0 0 0 0 0 0 0 0 35.882154 -117.695149 4.471
2000 12 14 03 04 01.093498 724 35.692648 -117.523499 7.134 1.000 0 0 0 0 0 0 0 0 0 0 0 35.692648 -117.523499 7.134
2000 12 14 03 05 01.002843 725 35.923392 -117.729028 4.159 1.000 0 0 0 0 0 0 0 0 0 0 0 35.923392 -117.729028 4.159
2000 12 14 03 06 01.393872 726 35.614770 -117.458873 5.218 1.000 0 0 0 0 0 0 0 0 0 0 0 35.614770 -117.458873 5.218
2000 12 14 03 07 01.018391 727 35.623094 -117.425483 2.849 1.000 0 0 0 0 0 0 0 0 0 0 0 35.623094 -117.425483 2.849
2000 12 14 03 08 01.706003 728 35.825648 -117.654102 3.777 1.000 0 0 0 0 0 0 0 0 0 0 0 35.825648 -117.654102 3.777
2000 12 14 03 09 01.210253 729 35.663774 -117.478667 1.592 1.000 0 0 0 0 0 0 0 0 0 0 0 35.663774 -117.478667 1.592
2000 12 14 03 10 00.934457 730 35.925066 -117.715982 3.950 1.000 0 0 0 0 0 0 0 0 0 0 0 35.925066 -117.715982 3.950
2000 12 14 03 11 01.006983 731 35.907179 -117.665823 4.428 1.000 0 0 0 0 0 0 0 0 0 0 0 35.907179 -117.665823 4.428
2000 12 14 03 12 01.201211 732 35.908360 -117.679329 3.015 1.000 0 0 0 0 0 0 0 0 0 0 0 35.908360 -117.679329 3.015
2000 12 14 03 13 00.947485 733 35.676424 -117.475380 2.932 1.000 0 0 0 0 0 0 0 0 0 0 0 35.676424 -117.475380 2.932
2000 12 14 03 14 00.841094 734 35.671673 -117.481470 0.719 1.000 0 0 0 0 0 0 0 0 0 0 0 35.671673 -117.481470 0.719
2000 12 14 03 15 01.147233 735 35.982734 -117.679319 3.074 1.000 0 0 0 0 0 0 0 0 0 0 0 35.982734 -117.679319 3.074
2000 12 14 03 16 00.916369 736 35.918434 -117.670532 4.328 1.000 0 0 0 0 0 0 0 0 0 0 0 35.918434 -117.670532 4.328
2000 12 14 03 17 01.143193 737 35.869486 -117.683728 8.708 1.000 0 0 0 0 0 0 0 0 0 0 0 35.869486 -117.683728 8.708
2000 12 14 03 18 01.157875 738 35.879485 -117.681291 3.933 1.000 0 0 0 0 0 0 0 0 0 0 0 35.879485 -117.681291 3.933
2000 12 14 03 19 00.738314 739 35.933256 -117.703453 3.556 1.000 0 0 0 0 0 0 0 0 0 0 0 35.933256 -117.703453 3.556
2000 12 14 03 20 00.757663 740 35.886086 -117.732499 6.894 1.000 0 0 0 0 0 0 0 0 0 0 0 35.886086 -117.732499 6.894
2000 12 14 03 21 01.444642 741 35.678084 -117.463162 7.145 1.000 0 0 0 0 0 0 0 0 0 0 0 35.678084 -117.463162 7.145
2000 12 14 03 22 00.826399 742 35.925436 -117.728375 5.784 1.000 0 0 0 0 0 0 0 0 0 0 0 35.925436 -117.728375 5.784
2000 12 14 03 23 01.076936 743 36.046519 -117.862325 0.447 1.000 0 0 0 0 0 0 0 0 0 0 0 36.046519 -117.862325 0.447
2000 12 14 03 24 00.798513 744 35.678703 -117.472945 3.037 1.000 0 0 0 0 0 0 0 0 0 0 0 35.678703 -117.472945 3.037
2000 12 14 03 25 00.763778 745 35.638726 -117.439536 4.133 1.000 0 0 0 0 0 0 0 0 0 0 0 35.638726 -117.439536 4.133
2000 12 14 03 26 00.949855 746 35.914765 -117.685360 4.587 1.000 0 0 0 0 0 0 0 0 0 0 0 35.914765 -117.685360 4.587
2000 12 14 03 27 00.875993 747 35.627604 -117.438077 5.046 1.000 0 0 0 0 0 0 0 0 0 0 0 35.627604 -117.438077 5.046
2000 12 14 03 28 00.792387 748 35.867844 -117.691488 4.857 1.000 0 0 0 0 0 0 0 0 0 0 0 35.867844 -117.691488 4.857
2000 12 14 03 29 00.912661 749 36.025769 -117.875477 3.489 1.000 0 0 0 0 0 0 0 0 0 0 0 36.025769 -117.875477 3.489
2000 12 14 03 30 01.044708 750 35.882452 -117.689363 7.825 1.000 0 0 0 0 0 0 0 0 0 0 0 35.882452 -117.689363 7.825
2000 12 14 03 31 01.076015 751 35.628574 -117.432724 3.555 1.000 0 0 0 0 0 0 0 0 0 0 0 35.628574 -117.432724 3.555
2000 12 14 03 32 00.953997 752 35.632634 -117.429750 3.845 1.000 0 0 0 0 0 0 0 0 0 0 0 35.632634 -117.429750 3.845
2000 12 14 03 33 01.096918 753 35.648679 -117.490568 4.182 1.000 0 0 0 0 0 0 0 0 0 0 0 35.648679 -117.490568 4.182
2000 12 14 03 34 00.895535 754 35.942781 -117.698780 4.361 1.000 0 0 0 0 0 0 0 0 0 0 0 35.942781 -117.698780 4.361
2000 12 14 03 35 00.999280 755 35.617125 -117.432642 6.986 1.000 0 0 0 0 0 0 0 0 0 0 0 35.617125 -117.432642 6.986
2000 12 14 03 36 00.974064 756 35.920931 -117.718378 3.272 1.000 0 0 0 0 0 0 0 0 0 0 0 35.920931 -117.718378 3.272
2000 12 14 03 37 00.771988 757 35.880864 -117.714577 4.495 1.000 0 0 0 0 0 0 0 0 0 0 0 35.880864 -117.714577 4.495
2000 12 14 03 38 00.776177 758 35.666902 -117.508186 4.825 1.000 0 0 0 0 0 0 0 0 0 0 0 35.666902 -117.508186 4.825
2000 12 14 03 39 00.712627 759 35.564431 -117.315151 4.079 1.000 0 0 0 0 0 0 0 0 0 0 0 35.564431 -117.315151 4.079
2000 12 14 03 40 01.116160 760 35.955541 -117.692172 5.602 1.000 0 0 0 0 0 0 0 0 0 0 0 35.955541 -117.692172 5.602
2000 12 14 03 41 01.169142 761 35.880149 -117.701930 5.295 1.000 0 0 0 0 0 0 0 0 0 0 0 35.880149 -117.701930 5.295
2000 12 14 03 42 00.927615 762 35.931652 -117.690468 4.273 1.000 0 0 0 0 0 0 0 0 0 0 0 35.931652 -117.690468 4.273
2000 12 14 03 43 01.053274 763 35.727875 -117.529261 7.176 1.000 0 0 0 0 0 0 0 0 0 0 0 35.727875 -117.529261 7.176
2000 12 14 03 44 00.823932 764 35.895296 -117.705034 7.071 1.000 0 0 0 0 0 0 0 0 0 0 0 35.895296 -117.705034 7.071
2000 12 14 03 45 00.807207 765 35.914856 -117.698997 4.017 1.000 0 0 0 0 0 0 0 0 0 0 0 35.914856 -117.698997 4.017
2000 12 14 03 46 00.999407 766 35.945142 -117.710404 3.744 1.000 0 0 0 0 0 0 0 0 0 0 0 35.945142 -117.710404 3.744
2000 12 14 03 47 01.078630 767 35.972437 -117.669725 2.244 1.000 0 0 0 0 0 0 0 0 0 0 0 35.972437 -117.669725 2.244
2000 12 14 03 48 00.735830 768 35.661011 -117.518788 8.310 1.000 0 0 0 0 0 0 0 0 0 0 0 35.661011 -117.518788 8.310
2000 12 14 03 49 00.935345 769 35.709025 -117.552444 8.666 1.000 0 0 0 0 0 0 0 0 0 0 0 35.709025 -117.552444 8.666
2000 12 14 03 50 01.153490 770 36.048646 -117.876166 3.445 1.000 0 0 0 0 0 0 0 0 0 0 0 36.048646 -117.876166 3.445
2000 12 14 03 51 01.008180 771 35.624751 -117.444665 5.095 1.000 0 0 0 0 0 0 0 0 0 0 0 35.624751 -117.444665 5.095
2000 12 14 03 52 00.824319 772 35.881847 -117.684941 7.610 1.000 0 0 0 0 0 0 0 0 0 0 0 35.881847 -117.684941 7.610
2000 12 14 03 53 00.762206 773 35.937292 -117.674013 3.749 1.000 0 0 0 0 0 0 0 0 0 0 0 35.937292 -117.674013 3.749
2000 12 14 03 54 00.902592 774 35.924909 -117.685284 4.115 1.000 0 0 0 0 0 0 0 0 0 0 0 35.924909 -117.685284 4.115
2000 12 14 03 55 00.911203 775 35.628131 -117.425802 6.690 1.000 0 0 0 0 0 0 0 0 0 0 0 35.628131 -117.425802 6.690
2000 12 14 03 56 01.133305 776 35.904679 -117.758553 6.184 1.000 0 0 0 0 0 0 0 0 0 0 0 35.904679 -117.758553 6.184
2000 12 14 03 57 00.670335 777 35.870785 -117.676970 7.171 1.000 0 0 0 0 0 0 0 0 0 0 0 35.870785 -117.676970 7.171
2000 12 14 03 58 00.753217 778 35.633635 -117.443488 6.862 1.000 0 0 0 0 0 0 0 0 0 0 0 35.633635 -117.443488 6.862
2000 12 14 03 59 00.901293 779 35.971571 -117.671442 3.224 1.000 0 0 0 0 0 0 0 0 0 0 0 35.971571 -117.671442 3.224
2000 12 14 04 00 01.120954 780 35.919521 -117.679105 4.005 1.000 0 0 0 0 0 0 0 0 0 0 0 35.919521 -117.679105 4.005
2000 12 14 04 01 01.144486 781 35.949804 -117.699392 5.002 1.000 0 0 0 0 0 0 0 0 0 0 0 35.949804 -117.699392 5.002
2000 12 14 04 02 00.853400 782 35.907899 -117.701184 8.408 1.000 0 0 0 0 0 0 0 0 0 0 0 35.907899 -117.701184 8.408
2000 12 14 04 03 01.462694 783 35.936614 -117.694262 4.421 1.000 0 0 0 0 0 0 0 0 0 0 0 35.936614 -117.694262 4.421
2000 12 14 04 04 01.031062 784 35.906322 -117.685101 5.218 1.000 0 0 0 0 0 0 0 0 0 0 0 35.906322 -117.685101 5.218
2000 12 14 04 05 00.772203 785 35.599101 -117.592160 4.159 1.000 0 0 0 0 0 0 0 0 0 0 0 35.599101 -117.592160 4.159
2000 12 14 04 06 00.781977 786 35.659147 -117.547371 10.097 1.000 0 0 0 0 0 0 0 0 0 0 0 35.659147 -117.547371 10.097
2000 12 14 04 07 00.908118 787 35.892594 -117.668203 3.952 1.000 0 0 0 0 0 0 0 0 0 0 0 35.892594 -117.668203 3.952
2000 12 14 04 08 01.152281 788 35.610532 -117.576949 4.693 1.000 0 0 0 0 0 0 0 0 0 0 0 35.610532 -117.576949 4.693
2000 12 14 04 09 00.893778 789 35.937021 -117.694020 4.368 1.000 0 0 0 0 0 0 0 0 0 0 0 35.937021 -117.694020 4.368
2000 12 14 04 10 01.096312 790 35.870187 -117.702965 5.353 1.000 0 0 0 0 0 0 0 0 0 0 0 35.870187 -117.702965 5.353
2000 12 14 04 11 01.233887 791 35.903862 -117.698766 6.811 1.000 0 0 0 0 0 0 0 0 0 0 0 35.903862 -117.698766 6.811
2000 12 14 04 12 01.059073 792 35.684789 -117.464519 6.818 1.000 0 0 0 0 0 0 0 0 0 0 0 35.684789 -117.464519 6.818
2000 12 14 04 13 01.094776 793 35.675537 -117.463861 7.761 1.000 0 0 0 0 0 0 0 0 0 0 0 35.675537 -117.463861 7.761
2000 12 14 04 14 01.063258 794 36.063518 -117.852681 4.001 1.000 0 0 0 0 0 0 0 0 0 0 0 36.063518 -117.852681 4.001
2000 12 14 04 15 00.852846 795 36.048458 -117.860069 3.831 1.000 0 0 0 0 0 0 0 0 0 0 0 36.048458 -117.860069 3.831
2000 12 14 04 16 01.337817 796 36.060147 -117.861141 3.386 1.000 0 0 0 0 0 0 0 0 0 0 0 36.060147 -117.861141 3.386
2000 12 14 04 17 01.057663 797 35.705104 -117.580399 7.147 1.000 0 0 0 0 0 0 0 0 0 0 0 35.705104 -117.580399 7.147
2000 12 14 04 18 00.895461 798 35.768920 -117.568533 6.960 1.000 0 0 0 0 0 0 0 0 0 0 0 35.768920 -117.568533 6.960
2000 12 14 04 19 00.771998 799 35.618467 -117.454353 3.141 1.000 0 0 0 0 0 0 0 0 0 0 0 35.618467 -117.454353 3.141
2000 12 14 04 20 01.090266 800 36.062855 -117.845128 3.076 1.000 0 0 0 0 0 0 0 0 0 0 0 36.062855 -117.845128 3.076
2000 12 14 04 21 01.032388 801 35.924841 -117.703787 4.819 1.000 0 0 0 0 0 0 0 0 0 0 0 35.924841 -117.703787 4.819
2000 12 14 04 22 00.904869 802 35.926832 -117.688689 5.051 1.000 0 0 0 0 0 0 0 0 0 0 0 35.926832 -117.688689 5.051
2000 12 14 04 23 00.768644 803 35.873238 -117.692822 9.753 1.000 0 0 0 0 0 0 0 0 0 0 0 35.873238 -117.692822 9.753
2000 12 14 04 24 01.057889 804 35.893685 -117.730790 6.413 1.000 0 0 0 0 0 0 0 0 0 0 0 35.893685 -117.730790 6.413
2000 12 14 04 25 00.918827 805 35.872100 -117.698711 4.954 1.000 0 0 0 0 0 0 0 0 0 0 0 35.872100 -117.698711 4.954
2000 12 14 04 26 01.264060 806 35.701871 -117.504364 5.993 1.000 0 0 0 0 0 0 0 0 0 0 0 35.701871 -117.504364 5.993
2000 12 14 04 27 00.739575 807 36.045794 -117.846358 2.514 1.000 0 0 0 0 0 0 0 0 0 0 0 36.045794 -117.846358 2.514
2000 12 14 04 28 00.965426 808 35.961196 -117.658977 4.279 1.000 0 0 0 0 0 0 0 0 0 0 0 35.961196 -117.658977 4.279
2000 12 14 04 29 01.169287 809 35.627285 -117.435246 4.535 1.000 0 0 0 0 0 0 0 0 0 0 0 35.627285 -117.435246 4.535
2000 12 14 04 30 01.019257 810 35.694053 -117.522107 8.961 1.000 0 0 0 0 0 0 0 0 0 0 0 35.694053 -117.522107 8.961
2000 12 14 04 31 00.963488 811 35.906097 -117.726288 4.618 1.000 0 0 0 0 0 0 0 0 0 0 0 35.906097 -117.726288 4.618
2000 12 14 04 32 00.789412 812 35.920514 -117.740200 3.777 1.000 0 0 0 0 0 0 0 0 0 0 0 35.920514 -117.740200 3.777
2000 12 14 04 33 00.995433 813 35.613542 -117.444269 5.617 1.000 0 0 0 0 0 0 0 0 0 0 0 35.613542 -117.444269 5.617
2000 12 14 04 34 00.725681 814 35.601104 -117.390677 7.502 1.000 0 0 0 0 0 0 0 0 0 0 0 35.601104 -117.390677 7.502
2000 12 14 04 35 01.316533 815 35.934079 -117.698829 5.067 1.000 0 0 0 0 0 0 0 0 0 0 0 35.934079 -117.698829 5.067
2000 12 14 04 36 01.234710 816 35.604959 -117.472825 4.884 1.000 0 0 0 0 0 0 0 0 0 0 0 35.604959 -117.472825 4.884
2000 12 14 04 37 00.617901 817 35.906216 -117.725134 4.799 1.000 0 0 0 0 0 0 0 0 0 0 0 35.906216 -117.725134 4.799
2000 12 14 04 38 00.967120 818 35.721437 -117.562980 5.454 1.000 0 0 0 0 0 0 0 0 0 0 0 35.721437 -117.562980 5.454
2000 12 14 04 39 00.370371 819 35.692647 -117.525339 6.938 1.000 0 0 0 0 0 0 0 0 0 0 0 35.692647 -117.525339 6.938
2000 12 14 04 40 00.647557 820 35.872046 -117.703315 9.181 1.000 0 0 0 0 0 0 0 0 0 0 0 35.872046 -117.703315 9.181
2000 12 14 04 41 00.671532 821 35.647985 -117.453233 6.158 1.000 0 0 0 0 0 0 0 0 0 0 0 35.647985 -117.453233 6.158
2000 12 14 04 42 01.086697 822 35.698502 -117.500984 7.789 1.000 0 0 0 0 0 0 0 0 0 0 0 35.698502 -117.500984 7.789
2000 12 14 04 43 00.997446 823 35.683341 -117.500484 9.466 1.000 0 0 0 0 0 0 0 0 0 0 0 35.683341 -117.500484 9.466
2000 12 14 04 44 00.962656 824 35.925130 -117.684269 5.202 1.000 0 0 0 0 0 0 0 0 0 0 0 35.925130 -117.684269 5.202
2000 12 14 04 45 01.183518 825 35.578151 -117.339470 4.069 1.000 0 0 0 0 0 0 0 0 0 0 0 35.578151 -117.339470 4.069
2000 12 14 04 46 01.103731 826 35.960216 -117.662584 3.690 1.000 0 0 0 0 0 0 0 0 0 0 0 35.960216 -117.662584 3.690
2000 12 14 04 47 01.207309 827 35.600339 -117.394624 7.326 1.000 0 0 0 0 0 0 0 0 0 0 0 35.600339 -117.394624 7.326
2000 12 14 04 48 01.195204 828 35.909462 -117.691608 4.409 1.000 0 0 0 0 0 0 0 0 0 0 0 35.909462 -117.691608 4.409
2000 12 14 04 49 01.012596 829 35.590613 -117.397177 6.037 1.000 0 0 0 0 0 0 0 0 0 0 0 35.590613 -117.397177 6.037
2000 12 14 04 50 01.080410 830 35.696036 -117.526005 9.042 1.000 0 0 0 0 0 0 0 0 0 0 0 35.696036 -117.526005 9.042
2000 12 14 04 51 01.023441 831 35.666015 -117.472320 4.718 1.000 0 0 0 0 0 0 0 0 0 0 0 35.666015 -117.472320 4.718
2000 12 14 04 52 00.888996 832 35.677468 -117.480373 3.830 1.000 0 0 0 0 0 0 0 0 0 0 0 35.677468 -117.480373 3.830
2000 12 14 04 53 01.129248 833 35.935218 -117.704713 4.104 1.000 0 0 0 0 0 0 0 0 0 0 0 35.935218 -117.704713 4.104
2000 12 14 04 54 00.952551 834 35.621723 -117.442342 6.512 1.000 0 0 0 0 0 0 0 0 0 0 0 35.621723 -117.442342 6.512
2000 12 14 04 55 01.228040 835 35.683721 -117.483601 1.135 1.000 0 0 0 0 0 0 0 0 0 0 0 35.683721 -117.483601 1.135
2000 12 14 04 56 01.252606 836 35.679517 -117.478895 6.135 1.000 0 0 0 0 0 0 0 0 0 0 0 35.679517 -117.478895 6.135
2000 12 14 04 57 00.732561 837 35.598613 -117.434182 8.643 1.000 0 0 0 0 0 0 0 0 0 0 0 35.598613 -117.434182 8.643
2000 12 14 04 58 00.877977 838 35.716407 -117.526112 4.240 1.000 0 0 0 0 0 0 0 0 0 0 0 35.716407 -117.526112 4.240
2000 12 14 04 59 01.176187 839 35.673061 -117.479621 3.413 1.000 0 0 0 0 0 0 0 0 0 0 0 35.673061 -117.479621 3.413
2000 12 14 05 00 00.903368 840 35.739466 -117.565188 7.723 1.000 0 0 0 0 0 0 0 0 0 0 0 35.739466 -117.565188 7.723
2000 12 14 05 01 01.047466 841 35.883074 -117.717054 4.171 1.000 0 0 0 0 0 0 0 0 0 0 0 35.883074 -117.717054 4.171
2000 12 14 05 02 01.109042 842 36.048379 -117.851184 3.163 1.000 0 0 0 0 0 0 0 0 0 0 0 36.048379 -117.851184 3.163
2000 12 14 05 03 00.952936 843 35.983944 -117.671973 1.991 1.000 0 0 0 0 0 0 0 0 0 0 0 35.983944 -117.671973 1.991
2000 12 14 05 04 01.105070 844 35.904797 -117.692092 5.364 1.000 0 0 0 0 0 0 0 0 0 0 0 35.904797 -117.692092 5.364
2000 12 14 05 05 00.921420 845 35.665671 -117.486544 5.998 1.000 0 0 0 0 0 0 0 0 0 0 0 35.665671 -117.486544 5.998
2000 12 14 05 06 01.231408 846 35.675011 -117.485149 1.057 1.000 0 0 0 0 0 0 0 0 0 0 0 35.675011 -117.485149 1.057
2000 12 14 05 07 01.055443 847 35.599488 -117.467369 3.542 1.000 0 0 0 0 0 0 0 0 0 0 0 35.599488 -117.467369 3.542
2000 12 14 05 08 01.099403 848 35.851394 -117.683702 7.644 1.000 0 0 0 0 0 0 0 0 0 0 0 35.851394 -117.683702 7.644
2000 12 14 05 09 00.832220 849 35.571817 -117.335060 4.191 1.000 0 0 0 0 0 0 0 0 0 0 0 35.571817 -117.335060 4.191
2000 12 14 05 10 00.864783 850 35.914082 -117.688614 4.929 1.000 0 0 0 0 0 0 0 0 0 0 0 35.914082 -117.688614 4.929
2000 12 14 05 11 00.661893 851 35.698161 -117.556626 8.961 1.000 0 0 0 0 0 0 0 0 0 0 0 35.698161 -117.556626 8.961
2000 12 14 05 12 00.828595 852 35.599559 -117.394837 6.942 1.000 0 0 0 0 0 0 0 0 0 0 0 35.599559 -117.394837 6.942
2000 12 14 05 13 01.234712 853 36.021958 -117.851887 1.699 1.000 0 0 0 0 0 0 0 0 0 0 0 36.021958 -117.851887 1.699
2000 12 14 05 14 00.968988 854 36.060812 -117.863238 3.429 1.000 0 0 0 0 0 0 0 0 0 0 0 36.060812 -117.863238 3.429
2000 12 14 05 15 01.114933 855 35.897385 -117.670571 4.358 1.000 0 0 0 0 0 0 0 0 0 0 0 35.897385 -117.670571 4.358
2000 12 14 05 16 01.070307 856 35.749365 -117.569675 6.302 1.000 0 0 0 0 0 0 0 0 0 0 0 35.749365 -117.569675 6.302
2000 12 14 05 17 00.571800 857 35.666686 -117.500983 5.838 1.000 0 0 0 0 0 0 0 0 0 0 0 35.666686 -117.500983 5.838
2000 12 14 05 18 00.890539 858 35.926692 -117.706138 4.587 1.000 0 0 0 0 0 0 0 0 0 0 0 35.926692 -117.706138 4.587
2000 12 14 05 19 01.130785 859 36.060416 -117.857100 3.156 1.000 0 0 0 0 0 0 0 0 0 0 0 36.060416 -117.857100 3.156
2000 12 14 05 20 00.833674 860 35.671392 -117.524638 9.350 1.000 0 0 0 0 0 0 0 0 0 0 0 35.671392 -117.524638 9.350
2000 12 14 05 21 01.454881 861 35.679974 -117.523171 8.108 1.000 0 0 0 0 0 0 0 0 0 0 0 35.679974 -117.523171 8.108
2000 12 14 05 22 01.005825 862 35.922164 -117.693836 3.284 1.000 0 0 0 0 0 0 0 0 0 0 0 35.922164 -117.693836 3.284
2000 12 14 05 23 00.903178 863 35.652039 -117.532352 7.319 1.000 0 0 0 0 0 0 0 0 0 0 0 35.652039 -117.532352 7.319
2000 12 14 05 24 01.424230 864 35.671649 -117.470692 7.842 1.000 0 0 0 0 0 0 0 0 0 0 0 35.671649 -117.470692 7.842
2000 12 14 05 25 01.225638 865 35.669951 -117.484126 5.059 1.000 0 0 0 0 0 0 0 0 0 0 0 35.669951 -117.484126 5.059
2000 12 14 05 26 00.750865 866 35.895625 -117.709231 8.642 1.000 0 0 0 0 0 0 0 0 0 0 0 35.895625 -117.709231 8.642
2000 12 14 05 27 01.214890 867 35.974256 -117.672543 4.272 1.000 0 0 0 0 0 0 0 0 0 0 0 35.974256 -117.672543 4.272
2000 12 14 05 28 00.760404 868 35.682868 -117.489674 5.710 1.000 0 0 0 0 0 0 0 0 0 0 0 35.682868 -117.489674 5.710
2000 12 14 05 29 00.539395 869 35.571875 -117.348690 3.998 1.000 0 0 0 0 0 0 0 0 0 0 0 35.571875 -117.348690 3.998
2000 12 14 05 30 00.738976 870 35.910441 -117.695569 5.288 1.000 0 0 0 0 0 0 0 0 0 0 0 35.910441 -117.695569 5.288
2000 12 14 05 31 01.461350 871 35.674939 -117.476124 4.687 1.000 0 0 0 0 0 0 0 0 0 0 0 35.674939 -117.476124 4.687
2000 12 14 05 32 01.099891 872 36.044300 -117.859299 2.674 1.000 0 0 0 0 0 0 0 0 0 0 0 36.044300 -117.859299 2.674
2000 12 14 05 33 01.213504 873 35.658252 -117.501459 5.135 1.000 0 0 0 0 0 0 0 0 0 0 0 35.658252 -117.501459 5.135
2000 12 14 05 34 01.057176 874 35.899511 -117.680638 3.411 1.000 0 0 0 0 0 0 0 0 0 0 0 35.899511 -117.680638 3.411
2000 12 14 05 35 00.834811 875 35.901364 -117.703791 4.555 1.000 0 0 0 0 0 0 0 0 0 0 0 35.901364 -117.703791 4.555
2000 12 14 05 36 00.989331 876 35.911469 -117.682887 3.268 1.000 0 0 0 0 0 0 0 0 0 0 0 35.911469 -117.682887 3.268
2000 12 14 05 37 01.068932 877 35.631936 -117.440823 7.733 1.000 0 0 0 0 0 0 0 0 0 0 0 35.631936 -117.440823 7.733
2000 12 14 05 38 01.337353 878 35.666357 -117.481846 0.452 1.000 0 0 0 0 0 0 0 0 0 0 0 35.666357 -117.481846 0.452
2000 12 14 05 39 00.956202 879 35.567452 -117.327668 3.115 1.000 0 0 0 0 0 0 0 0 0 0 0 35.567452 -117.327668 3.115
2000 12 14 05 40 00.777503 880 35.574000 -117.622322 6.346 1.000 0 0 0 0 0 0 0 0 0 0 0 35.574000 -117.622322 6.346
2000 12 14 05 41 01.014099 881 35.899860 -117.708487 7.558 1.000 0 0 0 0 0 0 0 0 0 0 0 35.899860 -117.708487 7.558
2000 12 14 05 42 00.908728 882 35.712349 -117.541551 8.279 1.000 0 0 0 0 0 0 0 0 0 0 0 35.712349 -117.541551 8.279
2000 12 14 05 43 01.262084 883 35.907291 -117.682273 5.062 1.000 0 0 0 0 0 0 0 0 0 0 0 35.907291 -117.682273 5.062
2000 12 14 05 44 01.191493 884 35.621262 -117.439534 6.824 1.000 0 0 0 0 0 0 0 0 0 0 0 35.621262 -117.439534 6.824
2000 12 14 05 45 00.999783 885 35.873188 -117.704429 5.701 1.000 0 0 0 0 0 0 0 0 0 0 0 35.873188 -117.704429 5.701
2000 12 14 05 46 00.709340 886 35.737226 -117.537725 6.017 1.000 0 0 0 0 0 0 0 0 0 0 0 35.737226 -117.537725 6.017
2000 12 14 05 47 01.532211 887 35.940274 -117.708925 3.844 1.000 0 0 0 0 0 0 0 0 0 0 0 35.940274 -117.708925 3.844
2000 12 14 05 48 01.021497 888 35.934962 -117.710177 3.742 1.000 0 0 0 0 0 0 0 0 0 0 0 35.934962 -117.710177 3.742
2000 12 14 05 49 00.744773 889 35.671856 -117.546189 7.792 1.000 0 0 0 0 0 0 0 0 0 0 0 35.671856 -117.546189 7.792
2000 12 14 05 50 01.145823 890 36.045019 -117.868126 3.781 1.000 0 0 0 0 0 0 0 0 0 0 0 36.045019 -117.868126 3.781
2000 12 14 05 51 00.789518 891 35.702844 -117.510165 6.191 1.000 0 0 0 0 0 0 0 0 0 0 0 35.702844 -117.510165 6.191
2000 12 14 05 52 00.975322 892 35.723654 -117.564906 8.303 1.000 0 0 0 0 0 0 0 0 0 0 0 35.723654 -117.564906 8.303
2000 12 14 05 53 00.755808 893 35.756283 -117.574341 7.253 1.000 0 0 0 0 0 0 0 0 0 0 0 35.756283 -117.574341 7.253
2000 12 14 05 54 01.163067 894 35.933895 -117.714902 6.010 1.000 0 0 0 0 0 0 0 0 0 0 0 35.933895 -117.714902 6.010
2000 12 14 05 55 01.255249 895 35.964628 -117.654844 2.282 1.000 0 0 0 0 0 0 0 0 0 0 0 35.964628 -117.654844 2.282
2000 12 14 05 56 00.783709 896 35.689560 -117.536725 6.861 1.000 0 0 0 0 0 0 0 0 0 0 0 35.689560 -117.536725 6.861
2000 12 14 05 57 00.759019 897 35.733411 -117.554645 8.714 1.000 0 0 0 0 0 0 0 0 0 0 0 35.733411 -117.554645 8.714
2000 12 14 05 58 01.025927 898 35.725963 -117.531542 5.173 1.000 0 0 0 0 0 0 0 0 0 0 0 35.725963 -117.531542 5.173
2000 12 14 05 59 01.306861 899 35.558872 -117.341415 4.138 1.000 0 0 0 0 0 0 0 0 0 0 0 35.558872 -117.341415 4.138
2000 12 14 06 00 01.210279 900 35.894330 -117.713325 5.601 1.000 0 0 0 0 0 0 0 0 0 0 0 35.894330 -117.713325 5.601
2000 12 14 06 01 01.133537 901 35.929579 -117.722039 4.094 1.000 0 0 0 0 0 0 0 0 0 0 0 35.929579 -117.722039 4.094
2000 12 14 06 02 01.426999 902 35.907507 -117.727166 5.340 1.000 0 0 0 0 0 0 0 0 0 0 0 35.907507 -117.727166 5.340
2000 12 14 06 03 01.116448 903 35.921476 -117.690625 4.380 1.000 0 0 0 0 0 0 0 0 0 0 0 35.921476 -117.690625 4.380
2000 12 14 06 04 00.676582 904 35.597740 -117.585197 4.693 1.000 0 0 0 0 0 0 0 0 0 0 0 35.597740 -117.585197 4.693
2000 12 14 06 05 01.194957 905 35.904986 -117.704729 4.552 1.000 0 0 0 0 0 0 0 0 0 0 0 35.904986 -117.704729 4.552
2000 12 14 06 06 00.761409 906 35.878695 -117.699939 7.016 1.000 0 0 0 0 0 0 0 0 0 0 0 35.878695 -117.699939 7.016
2000 12 14 06 07 00.892149 907 35.605825 -117.395640 6.821 1.000 0 0 0 0 0 0 0 0 0 0 0 35.605825 -117.395640 6.821
2000 12 14 06 08 01.133999 908 35.912431 -117.722243 7.527 1.000 0 0 0 0 0 0 0 0 0 0 0 35.912431 -117.722243 7.527
2000 12 14 06 09 01.459375 909 35.679130 -117.480622 5.834 1.000 0 0 0 0 0 0 0 0 0 0 0 35.679130 -117.480622 5.834
2000 12 14 06 10 00.643736 910 35.628299 -117.445791 7.416 1.000 0 0 0 0 0 0 0 0 0 0 0 35.628299 -117.445791 7.416
2000 12 14 06 11 01.289259 911 36.063780 -117.838643 4.141 1.000 0 0 0 0 0 0 0 0 0 0 0 36.063780 -117.838643 4.141
2000 12 14 06 12 00.807318 912 35.611382 -117.412135 5.836 1.000 0 0 0 0 0 0 0 0 0 0 0 35.611382 -117.412135 5.836
2000 12 14 06 13 01.070009 913 36.047787 -117.857280 3.673 1.000 0 0 0 0 0 0 0 0 0 0 0 36.047787 -117.857280 3.673
2000 12 14 06 14 01.231257 914 35.886636 -117.678438 4.322 1.000 0 0 0 0 0 0 0 0 0 0 0 35.886636 -117.678438 4.322
2000 12 14 06 15 01.218550 915 35.874881 -117.686836 7.672 1.000 0 0 0 0 0 0 0 0 0 0 0 35.874881 -117.686836 7.672
2000 12 14 06 16 01.115126 916 35.685987 -117.475875 5.411 1.000 0 0 0 0 0 0 0 0 0 0 0 35.685987 -117.475875 5.411
2000 12 14 06 17 00.739077 917 35.900392 -117.691178 5.435 1.000 0 0 0 0 0 0 0 0 0 0 0 35.900392 -117.691178 5.435
2000 12 14 06 18 01.063169 918 35.924928 -117.737549 6.082 1.000 0 0 0 0 0 0 0 0 0 0 0 35.924928 -117.737549 6.082
2000 12 14 06 19 01.025709 919 35.924698 -117.698286 4.093 1.000 0 0 0 0 0 0 0 0 0 0 0 35.924698 -117.698286 4.093
2000 12 14 06 20 01.081466 920 35.756801 -117.561471 4.960 1.000 0 0 0 0 0 0 0 0 0 0 0 35.756801 -117.561471 4.960
2000 12 14 06 21 01.052752 921 36.027901 -117.855699 2.746 1.000 0 0 0 0 0 0 0 0 0 0 0 36.027901 -117.855699 2.746
2000 12 14 06 22 00.836075 922 35.582077 -117.614669 6.042 1.000 0 0 0 0 0 0 0 0 0 0 0 35.582077 -117.614669 6.042
2000 12 14 06 23 00.881840 923 36.061949 -117.854043 2.455 1.000 0 0 0 0 0 0 0 0 0 0 0 36.061949 -117.854043 2.455
2000 12 14 06 24 00.804035 924 35.902750 -117.731023 6.689 1.000 0 0 0 0 0 0 0 0 0 0 0 35.902750 -117.731023 6.689
2000 12 14 06 25 00.659745 925 35.924104 -117.727684 4.614 1.000 0 0 0 0 0 0 0 0 0 0 0 35.924104 -117.727684 4.614
2000 12 14 06 26 00.587365 926 35.894053 -117.672993 7.658 1.000 0 0 0 0 0 0 0 0 0 0 0 35.894053 -117.672993 7.658
2000 12 14 06 27 00.905262 927 35.920907 -117.688091 5.418 1.000 0 0 0 0 0 0 0 0 0 0 0 35.920907 -117.688091 5.418
2000 12 14 06 28 01.344739 928 35.739350 -117.547993 3.665 1.000 0 0 0 0 0 0 0 0 0 0 0 35.739350 -117.547993 3.665
2000 12 14 06 29 01.013699 929 35.890282 -117.719033 7.788 1.000 0 0 0 0 0 0 0 0 0 0 0 35.890282 -117.719033 7.788
2000 12 14 06 30 00.914569 930 35.745913 -117.575430 5.942 1.000 0 0 0 0 0 0 0 0 0 0 0 35.745913 -117.575430 5.942
2000 12 14 06 31 01.022755 931 36.041116 -117.861297 2.992 1.000 0 0 0 0 0 0 0 0 0 0 0 36.041116 -117.861297 2.992
2000 12 14 06 32 01.129312 932 35.678752 -117.499473 4.648 1.000 0 0 0 0 0 0 0 0 0 0 0 35.678752 -117.499473 4.648
2000 12 14 06 33 00.937295 933 35.911179 -117.726564 3.949 1.000 0 0 0 0 0 0 0 0 0 0 0 35.911179 -117.726564 3.949
2000 12 14 06 34 00.954987 934 35.959275 -117.714364 4.571 1.000 0 0 0 0 0 0 0 0 0 0 0 35.959275 -117.714364 4.571
2000 12 14 06 35 01.239830 935 35.640036 -117.452333 2.125 1.000 0 0 0 0 0 0 0 0 0 0 0 35.640036 -117.452333 2.125
2000 12 14 06 36 00.846998 936 35.661846 -117.527791 10.735 1.000 0 0 0 0 0 0 0 0 0 0 0 35.661846 -117.527791 10.735
2000 12 14 06 37 01.084965 937 36.048463 -117.841772 3.877 1.000 0 0 0 0 0 0 0 0 0 0 0 36.048463 -117.841772 3.877
2000 12 14 06 38 01.220607 938 35.970733 -117.669570 3.929 1.000 0 0 0 0 0 0 0 0 0 0 0 35.970733 -117.669570 3.929
2000 12 14 06 39 00.971489 939 35.710752 -117.564418 7.510 1.000 0 0 0 0 0 0 0 0 0 0 0 35.710752 -117.564418 7.510
2000 12 14 06 40 01.034698 940 35.570045 -117.353634 4.847 1.000 0 0 0 0 0 0 0 0 0 0 0 35.570045 -117.353634 4.847
2000 12 14 06 41 00.814094 941 35.879461 -117.716050 4.395 1.000 0 0 0 0 0 0 0 0 0 0 0 35.879461 -117.716050 4.395
2000 12 14 06 42 00.908438 942 35.887094 -117.669315 7.595 1.000 0 0 0 0 0 0 0 0 0 0 0 35.887094 -117.669315 7.595
2000 12 14 06 43 01.116572 943 35.880461 -117.695457 5.483 1.000 0 0 0 0 0 0 0 0 0 0 0 35.880461 -117.695457 5.483
2000 12 14 06 44 01.023378 944 35.749151 -117.553535 5.182 1.000 0 0 0 0 0 0 0 0 0 0 0 35.749151 -117.553535 5.182
2000 12 14 06 45 01.070006 945 35.730388 -117.536357 4.833 1.000 0 0 0 0 0 0 0 0 0 0 0 35.730388 -117.536357 4.833
2000 12 14 06 46 01.022005 946 35.679432 -117.501871 7.333 1.000 0 0 0 0 0 0 0 0 0 0 0 35.679432 -117.501871 7.333
2000 12 14 06 47 00.809548 947 35.679500 -117.465894 5.552 1.000 0 0 0 0 0 0 0 0 0 0 0 35.679500 -117.465894 5.552
2000 12 14 06 48 01.170789 948 36.058459 -117.858256 3.671 1.000 0 0 0 0 0 0 0 0 0 0 0 36.058459 -117.858256 3.671
2000 12 14 06 49 00.855089 949 35.860874 -117.659360 7.746 1.000 0 0 0 0 0 0 0 0 0 0 0 35.860874 -117.659360 7.746
2000 12 14 06 50 01.156341 950 35.883968 -117.684238 3.481 1.000 0 0 0 0 0 0 0 0 0 0 0 35.883968 -117.684238 3.481
2000 12 14 06 51 00.908639 951 35.601485 -117.403730 7.633 1.000 0 0 0 0 0 0 0 0 0 0 0 35.601485 -117.403730 7.633
2000 12 14 06 52 00.815252 952 35.917911 -117.696851 4.497 1.000 0 0 0 0 0 0 0 0 0 0 0 35.917911 -117.696851 4.497
2000 12 14 06 53 00.978437 953 35.571522 -117.589500 7.068 1.000 0 0 0 0 0 0 0 0 0 0 0 35.571522 -117.589500 7.068
2000 12 14 06 54 01.251945 954 35.650826 -117.492995 5.999 1.000 0 0 0 0 0 0 0 0 0 0 0 35.650826 -117.492995 5.999
2000 12 14 06 55 00.855905 955 35.680198 -117.507360 5.540 1.000 0 0 0 0 0 0 0 0 0 0 0 35.680198 -117.507360 5.540
2000 12 14 06 56 01.176236 956 35.891139 -117.678636 7.790 1.000 0 0 0 0 0 0 0 0 0 0 0 35.891139 -117.678636 7.790
2000 12 14 06 57 00.782993 957 35.922445 -117.713282 3.863 1.000 0 0 0 0 0 0 0 0 0 0 0 35.922445 -117.713282 3.863
2000 12 14 06 58 01.097962 958 35.928544 -117.712131 4.309 1.000 0 0 0 0 0 0 0 0 0 0 0 35.928544 -117.712131 4.309
2000 12 14 06 59 00.913536 959 35.748447 -117.568392 4.087 1.000 0 0 0 0 0 0 0 0 0 0 0 35.748447 -117.568392 4.087
2000 12 14 07 00 01.070690 960 35.738916 -117.575501 3.621 1.000 0 0 0 0 0 0 0 0 0 0 0 35.738916 -117.575501 3.621
2000 12 14 07 01 00.803068 961 35.591960 -117.589047 4.789 1.000 0 0 0 0 0 0 0 0 0 0 0 35.591960 -117.589047 4.789
2000 12 14 07 02 01.042868 962 35.916825 -117.719158 7.153 1.000 0 0 0 0 0 0 0 0 0 0 0 35.916825 -117.719158 7.153
2000 12 14 07 03 00.706143 963 35.573538 -117.344949 3.555 1.000 0 0 0 0 0 0 0 0 0 0 0 35.573538 -117.344949 3.555
2000 12 14 07 04 01.085274 964 35.753028 -117.576960 6.602 1.000 0 0 0 0 0 0 0 0 0 0 0 35.753028 -117.576960 6.602
2000 12 14 07 05 01.009387 965 35.671033 -117.516443 9.237 1.000 0 0 0 0 0 0 0 0 0 0 0 35.671033 -117.516443 9.237
2000 12 14 07 06 00.789607 966 35.591637 -117.443712 5.658 1.000 0 0 0 0 0 0 0 0 0 0 0 35.591637 -117.443712 5.658
2000 12 14 07 07 00.884975 967 35.942820 -117.689237 4.170 1.000 0 0 0 0 0 0 0 0 0 0 0 35.942820 -117.689237 4.170
2000 12 14 07 08 01.350087 968 35.710708 -117.538623 6.483 1.000 0 0 0 0 0 0 0 0 0 0 0 35.710708 -117.538623 6.483
2000 12 14 07 09 00.847773 969 35.672193 -117.494789 4.710 1.000 0 0 0 0 0 0 0 0 0 0 0 35.672193 -117.494789 4.710
2000 12 14 07 10 00.626643 970 35.660955 -117.522125 8.438 1.000 0 0 0 0 0 0 0 0 0 0 0 35.660955 -117.522125 8.438
2000 12 14 07 11 01.132875 971 35.652093 -117.466880 5.002 1.000 0 0 0 0 0 0 0 0 0 0 0 35.652093 -117.466880 5.002
2000 12 14 07 12 00.638330 972 35.666444 -117.483386 2.590 1.000 0 0 0 0 0 0 0 0 0 0 0 35.666444 -117.483386 2.590
2000 12 14 07 13 01.106330 973 35.910087 -117.690386 5.032 1.000 0 0 0 0 0 0 0 0 0 0 0 35.910087 -117.690386 5.032
2000 12 14 07 14 01.107953 974 35.594439 -117.607062 4.312 1.000 0 0 0 0 0 0 0 0 0 0 0 35.594439 -117.607062 4.312
2000 12 14 07 15 00.968211 975 35.728183 -117.534677 5.883 1.000 0 0 0 0 0 0 0 0 0 0 0 35.728183 -117.534677 5.883
2000 12 14 07 16 00.959512 976 35.676408 -117.538077 8.247 1.000 0 0 0 0 0 0 0 0 0 0 0 35.676408 -117.538077 8.247
2000 12 14 07 17 01.022339 977 35.700396 -117.524784 9.972 1.000 0 0 0 0 0 0 0 0 0 0 0 35.700396 -117.524784 9.972
2000 12 14 07 18 01.251712 978 35.663450 -117.484884 6.400 1.000 0 0 0 0 0 0 0 0 0 0 0 35.663450 -117.484884 6.400
2000 12 14 07 19 01.243807 979 35.597540 -117.583381 4.386 1.000 0 0 0 0 0 0 0 0 0 0 0 35.597540 -117.583381 4.386
2000 12 14 07 20 01.303055 980 35.923970 -117.729275 4.340 1.000 0 0 0 0 0 0 0 0 0 0 0 35.923970 -117.729275 4.340
2000 12 14 07 21 01.109784 981 35.640641 -117.456992 2.691 1.000 0 0 0 0 0 0 0 0 0 0 0 35.640641 -117.456992 2.691
2000 12 14 07 22 01.037156 982 35.930124 -117.693075 4.350 1.000 0 0 0 0 0 0 0 0 0 0 0 35.930124 -117.693075 4.350
2000 12 14 07 23 01.000795 983 35.691027 -117.534476 8.269 1.000 0 0 0 0 0 0 0 0 0 0 0 35.691027 -117.534476 8.269
2000 12 14 07 24 00.990808 984 35.895112 -117.723101 6.772 1.000 0 0 0 0 0 0 0 0 0 0 0 35.895112 -117.723101 6.772
2000 12 14 07 25 01.217854 985 35.669259 -117.484254 5.687 1.000 0 0 0 0 0 0 0 0 0 0 0 35.669259 -117.484254 5.687
2000 12 14 07 26 00.895678 986 35.926226 -117.680854 3.856 1.000 0 0 0 0 0 0 0 0 0 0 0 35.926226 -117.680854 3.856
2000 12 14 07 27 00.977260 987 35.651879 -117.522435 9.194 1.000 0 0 0 0 0 0 0 0 0 0 0 35.651879 -117.522435 9.194
2000 12 14 07 28 01.118879 988 35.650554 -117.451904 2.238 1.000 0 0 0 0 0 0 0 0 0 0 0 35.650554 -117.451904 2.238
2000 12 14 07 29 00.928983 989 36.070717 -117.867073 3.257 1.000 0 0 0 0 0 0 0 0 0 0 0 36.070717 -117.867073 3.257
2000 12 14 07 30 01.005269 990 35.871867 -117.686289 7.895 1.000 0 0 0 0 0 0 0 0 0 0 0 35.871867 -117.686289 7.895
2000 12 14 07 31 00.664948 991 35.748938 -117.578829 7.439 1.000 0 0 0 0 0 0 0 0 0 0 0 35.748938 -117.578829 7.439
2000 12 14 07 32 01.137830 992 35.823097 -117.637387 5.128 1.000 0 0 0 0 0 0 0 0 0 0 0 35.823097 -117.637387 5.128
2000 12 14 07 33 01.072494 993 35.922375 -117.703197 4.103 1.000 0 0 0 0 0 0 0 0 0 0 0 35.922375 -117.703197 4.103
2000 12 14 07 34 00.928172 994 35.670805 -117.471192 4.121 1.000 0 0 0 0 0 0 0 0 0 0 0 35.670805 -117.471192 4.121
2000 12 14 07 35 00.841476 995 35.865932 -117.696966 6.030 1.000 0 0 0 0 0 0 0 0 0 0 0 35.865932 -117.696966 6.030
2000 12 14 07 36 00.765742 996 35.946891 -117.701442 4.979 1.000 0 0 0 0 0 0 0 0 0 0 0 35.946891 -117.701442 4.979
2000 12 14 07 37 00.954308 997 35.923308 -117.688557 5.351 1.000 0 0 0 0 0 0 0 0 0 0 0 35.923308 -117.688557 5.351
2000 12 14 07 38 00.824241 998 35.922349 -117.683103 5.552 1.000 0 0 0 0 0 0 0 0 0 0 0 35.922349 -117.683103 5.552
2000 12 14 07 39 00.939247 999 35.698378 -117.513910 7.802 1.000 0 0 0 0 0 0 0 0 0 0 0 35.698378 -117.513910 7.802
2000 12 14 07 40 01.243860 1000 35.650341 -117.473382 7.446 1.000 0 0 0 0 0 0 0 0 0 0 0 35.650341 -117.473382 7.446
