evid,std_x_km,std_y_km,std_z_km,std_t_s,std_xyz_km,ess_xyzt_min,ess_x,ess_y,ess_z,ess_t,n_samples,degree,ess_rank_hi,std_rank_lo,suspicious_score
60,0.055713277,0.031191815,0.049530424,0.0092028305,0.080809414,10.42223,10.42223,12.256692,10.544816,109.156906,12602,85,0.9432071269487751,0.9398663697104677,0.8864886582903855
504,0.048126087,0.047955375,0.0689176,0.010598822,0.09677538,12.622101,12.622101,32.384304,37.30021,75.374985,12602,85,0.9042316258351892,0.9788418708240534,0.8850997762907921
536,0.050643016,0.050746266,0.082800835,0.009735295,0.10952569,13.294896,13.294896,31.746977,37.843086,52.75579,12602,53,0.8930957683741648,0.9888641425389755,0.883150381198506
748,0.053546794,0.03033715,0.046143297,0.009119385,0.07692078,9.076012,9.076012,12.044209,10.330067,115.244125,12602,106,0.9587973273942093,0.920935412026726,0.8829904117539099
85,0.05314599,0.031453196,0.04498653,0.008829241,0.07640411,9.06637,9.727418,12.374122,9.06637,75.54599,12602,97,0.9599109131403117,0.9198218262806236,0.8829470091914225
995,0.052108455,0.028977426,0.044406418,0.0083778715,0.074343204,8.796346,9.044915,10.917281,8.796346,99.11421,12602,140,0.965478841870824,0.9109131403118039,0.8794673637531558
790,0.051450774,0.029982867,0.047745828,0.008346662,0.07632705,9.236176,9.256278,11.956974,9.236176,101.0138,12602,89,0.9543429844097995,0.9187082405345212,0.8767627640735909
396,0.058846645,0.034963794,0.03979032,0.009100913,0.0791749,10.619994,12.897813,17.12553,10.619994,169.23778,12602,37,0.9398663697104677,0.9320712694877505,0.8760224403648791
618,0.047068488,0.049245525,0.064246096,0.010707625,0.09363826,13.005192,13.005192,31.83863,32.050766,86.861435,12602,81,0.898663697104677,0.9688195991091314,0.8706430027628831
497,0.045212127,0.045000996,0.060774654,0.009872835,0.08810666,11.968929,11.968929,32.395073,33.385597,74.994705,12602,63,0.9120267260579065,0.9543429844097995,0.870386307607601
885,0.04968166,0.029159952,0.04254155,0.008666516,0.07161252,8.289872,8.289872,10.842999,8.6300125,85.87227,12602,154,0.9755011135857461,0.88641425389755,0.8646980917753383
352,0.07832381,0.06808429,0.0734742,0.010421489,0.1271556,14.825789,20.396662,14.825789,24.938297,137.90993,12602,36,0.8674832962138084,0.9944320712694877,0.86265321104558
821,0.047145396,0.048278622,0.06674665,0.011469617,0.094913796,13.756036,13.756036,32.274357,35.429214,95.66329,12602,67,0.8853006681514476,0.9732739420935411,0.8616400712298052
738,0.08483826,0.061692044,0.07495075,0.011717909,0.12892267,15.547049,21.790068,15.547049,23.32475,163.47218,12602,40,0.8574610244988864,0.9955456570155902,0.8536415990000049
385,0.047762834,0.028138632,0.041678373,0.0086452365,0.0693553,8.092358,8.092358,10.06662,9.177271,79.87074,12602,167,0.9799554565701558,0.8708240534521158,0.8533687828929419
669,0.04896784,0.0284567,0.035983726,0.008868597,0.06710038,7.586411,7.586411,10.691066,8.466568,97.98794,12602,239,0.9899777282850779,0.8585746102449888,0.8499697422135802
488,0.074138954,0.060600758,0.07483785,0.0106783975,0.12153082,15.597727,17.691227,15.597727,19.871431,169.50845,12602,63,0.8552338530066814,0.9933184855233853,0.8495195956369264
28,0.048792955,0.028652383,0.037670758,0.008916676,0.067976445,8.113835,8.113835,9.975445,8.450887,88.758575,12602,262,0.9788418708240534,0.8674832962138084,0.8491289725745407
761,0.046584815,0.028126594,0.03700165,0.00817208,0.06580556,7.816798,7.816798,10.074248,10.196496,56.85868,12602,221,0.9866369710467705,0.8463251670378619,0.8350156993268881
189,0.055586983,0.039464828,0.06564637,0.009940434,0.09464054,15.547458,18.258236,15.547458,41.38528,89.84678,12602,74,0.856347438752784,0.9710467706013363,0.8315534149136165
805,0.04660612,0.027531873,0.035951026,0.0072516133,0.06498162,7.6028967,7.6028967,9.89725,7.6375914,61.24043,12602,238,0.9888641425389755,0.8407572383073496,0.8313946855422344
372,0.04824187,0.049150866,0.06179708,0.009869182,0.092530884,15.52277,15.52277,35.667862,33.422195,77.925674,12602,45,0.8585746102449888,0.965478841870824,0.8289356203590259
599,0.0468728,0.027796721,0.03316177,0.0074000284,0.063792005,7.576754,7.576754,10.1687155,8.710561,65.35767,12602,216,0.9922048997772828,0.8351893095768373,0.8286789252037439
841,0.047818635,0.028683634,0.0340599,0.00895419,0.065341026,7.997756,7.997756,11.073446,10.315218,85.171036,12602,178,0.9821826280623608,0.8429844097995546,0.8279646430325246
26,0.05612142,0.054426327,0.11390261,0.01139387,0.1381508,16.84711,16.84711,38.360588,51.147564,91.60957,12602,32,0.8307349665924276,0.9966592427616926,0.8279596827396689
159,0.047232494,0.027132364,0.032333896,0.007739337,0.063344724,7.399522,7.399522,9.882895,8.68499,47.16302,12602,212,0.9966592427616926,0.8273942093541202,0.8246300861602868
264,0.046030402,0.027527127,0.03335494,0.008324431,0.063159265,7.4900427,7.4900427,9.825487,9.388011,89.60659,12602,243,0.9933184855233853,0.8240534521158129,0.8185475270459969
89,0.046214715,0.027485022,0.03327953,0.0079076905,0.0632357,7.585201,7.585201,9.646457,8.346772,61.146263,12602,181,0.9910913140311803,0.8251670378619154,0.8178158838497824
263,0.054978706,0.038956616,0.06934448,0.008657997,0.09668988,16.986223,18.731625,16.986223,51.4691,66.305824,12602,67,0.8285077951002227,0.977728285077951,0.8100555056770551
41,0.045375455,0.03024817,0.03807469,0.008215276,0.066509895,9.58477,9.58477,13.592713,14.070727,129.15901,12602,69,0.9510022271714922,0.8496659242761693,0.8080341863383614
341,0.046605464,0.02783189,0.032121006,0.007866629,0.063074894,7.902402,7.902402,9.940731,8.930067,71.51412,12602,206,0.9844097995545656,0.8207126948775055,0.8079176194562526
742,0.053052563,0.038385283,0.066803984,0.0113415895,0.093545586,16.842876,17.557137,16.842876,49.73624,99.55238,12602,77,0.8318485523385301,0.9677060133630289,0.8049848463053257
757,0.04628952,0.027310876,0.03040015,0.008178169,0.06174765,7.47288,7.47288,10.11622,9.247256,23.187433,12602,186,0.9944320712694877,0.8084632516703786,0.8039617859038397
120,0.024847781,0.022533275,0.056457356,0.00864097,0.06567034,9.773865,11.144977,19.570578,9.773865,61.99964,12602,42,0.9476614699331848,0.8452115812917594,0.8009744495315002
437,0.05527475,0.03951436,0.066683985,0.010781999,0.09520208,17.98777,18.988852,17.98777,47.18338,87.83904,12602,65,0.8173719376391981,0.9743875278396437,0.7964370216417577
941,0.045248024,0.0278804,0.031386945,0.00764643,0.06172391,7.962839,7.962839,10.152105,9.853006,47.240524,12602,220,0.9832962138084632,0.8073496659242761,0.7938638697228684
898,0.04951474,0.04806176,0.08569577,0.01067729,0.11002458,19.350664,35.979828,25.140785,19.350664,106.03367,12602,48,0.7984409799554565,0.9899777282850779,0.7904387875060143
155,0.051825833,0.037620574,0.060941957,0.009510814,0.08840332,17.12971,17.12971,18.498335,42.84926,82.474686,12602,74,0.8262806236080178,0.9565701559020044,0.790395384943527
129,0.048832696,0.04676051,0.100067765,0.010248282,0.12076727,20.131348,33.072243,24.415255,20.131348,140.14146,12602,56,0.7795100222717148,0.9922048997772828,0.7734336635234943
23,0.030933537,0.0277776,0.06222302,0.010156556,0.07483437,16.543995,36.715294,42.787537,16.543995,99.907104,12602,56,0.8374164810690423,0.9142538975501113,0.765611281690071
716,0.028010774,0.022766577,0.04604143,0.009171953,0.058504134,8.038651,11.157682,16.904552,12.072878,8.038651,12602,32,0.9810690423162584,0.7761692650334076,0.7614756375216393
71,0.04930764,0.047453947,0.08298381,0.00993053,0.1075613,20.675596,30.958158,22.92219,20.675596,107.29309,12602,56,0.765033407572383,0.9866369710467705,0.7548102439968054
252,0.038069986,0.026095143,0.046568956,0.0072158175,0.06556636,13.104887,13.104887,22.801172,53.401875,80.75462,12602,113,0.8942093541202673,0.844097995545657,0.7548003234110942
534,0.0306601,0.029637864,0.05895574,0.009112377,0.07276142,16.60547,16.60547,36.65698,18.894857,142.52522,12602,53,0.8363028953229398,0.8975501113585745,0.7506237568266029
169,0.049289398,0.048081838,0.084041305,0.010915394,0.10864736,21.66313,30.87914,22.257765,21.66313,138.49919,12602,50,0.744988864142539,0.987750556792873,0.7358631653612829
522,0.047667656,0.034286328,0.0587703,0.010731741,0.08307651,20.172085,20.172085,28.13186,48.601933,92.57389,12602,45,0.77728285077951,0.9454342984409799,0.7348698667169309
132,0.035367943,0.025668591,0.041079585,0.007429951,0.059977498,11.359792,11.359792,21.012688,41.607918,86.27408,12602,123,0.9253897550111359,0.7939866369710468,0.7347470994687526
984,0.037485994,0.025479682,0.04369433,0.009013227,0.0629572,13.100596,13.100596,25.063972,49.41384,100.82192,12602,142,0.8953229398663697,0.8195991091314031,0.7338058838993854
873,0.028321378,0.021808226,0.04216812,0.009202607,0.05527974,7.811732,11.108301,16.006163,11.4623575,7.811732,12602,48,0.987750556792873,0.7416481069042316,0.732563330539035
580,0.038028046,0.026328117,0.043812655,0.0068156575,0.06370911,14.516218,14.516218,23.795174,43.71422,79.612946,12602,120,0.8719376391982182,0.8340757238307349,0.727262017549516
103,0.04585409,0.037004028,0.037988085,0.008073435,0.07010699,17.855165,18.14989,17.855165,35.122433,83.79434,12602,34,0.8207126948775055,0.876391982182628,0.7192660254661435
560,0.039701167,0.027513267,0.03951235,0.009822887,0.062405035,13.708451,13.708451,26.08706,50.408916,122.34582,12602,117,0.88641425389755,0.8106904231625834,0.7186075465895505
78,0.044616234,0.029497948,0.08345731,0.011817816,0.099125475,22.363478,22.363478,37.226402,60.409184,165.16356,12602,125,0.7316258351893096,0.9810690423162584,0.7177754574630086
693,0.025883364,0.022104083,0.050800648,0.008480778,0.061149366,13.559297,13.559297,30.71969,18.138195,97.22234,12602,39,0.8897550111358574,0.8040089086859687,0.7153709555012127
791,0.033393323,0.02666388,0.041224178,0.009094318,0.059376,12.72864,12.72864,21.03187,51.08707,141.52797,12602,108,0.9031180400890868,0.7839643652561247,0.7080123610497963
650,0.041811366,0.028072169,0.039486594,0.009055717,0.06399553,16.338346,16.338346,27.054785,67.13061,118.723785,12602,76,0.844097995545657,0.8385300668151447,0.7078015486034295
434,0.036686838,0.025460524,0.050533663,0.00967643,0.06743748,17.814747,27.472239,22.18974,17.814747,123.833824,12602,149,0.821826280623608,0.8608017817371937,0.7074295266392526
966,0.03262991,0.030362032,0.036108136,0.009259193,0.057361674,11.892352,11.892352,21.906284,47.51612,61.960003,12602,136,0.9142538975501113,0.7683741648106904,0.7024890749549854
625,0.041481305,0.02707352,0.053954884,0.009425176,0.07324482,20.32911,20.32911,41.004105,42.876534,154.4039,12602,133,0.7728285077951002,0.9042316258351892,0.6988159780953467
61,0.037040915,0.026514344,0.04413213,0.009370634,0.06342464,16.506079,16.506079,24.258066,66.7534,91.76882,12602,102,0.841870824053452,0.8296213808463251,0.6984340355454585
771,0.039033655,0.039003383,0.047830857,0.01034812,0.07302521,20.208572,25.149368,28.350952,20.208572,120.83717,12602,82,0.7750556792873051,0.8997772828507795,0.6973774931671965
575,0.035904042,0.025734298,0.049751837,0.010350834,0.066532694,17.937382,18.926329,38.983692,17.937382,96.90268,12602,102,0.8195991091314031,0.8507795100222717,0.6972981284815055
806,0.02662804,0.025864093,0.046770345,0.0077308803,0.05971155,13.777398,13.777398,32.818245,17.45394,106.91171,12602,78,0.8841870824053452,0.7884187082405345,0.6971096373529893
315,0.025186343,0.022893075,0.042857554,0.010265138,0.054728553,9.601572,11.458604,20.47254,9.601572,62.212795,12602,117,0.9498886414253898,0.7305122494432071,0.6939052881682135
804,0.033798423,0.023638867,0.03551706,0.0080062905,0.054429688,9.30865,9.30865,17.482313,38.31834,69.458115,12602,119,0.9521158129175946,0.7282850779510022,0.6934117390290722
890,0.036687408,0.030931812,0.052150857,0.00839615,0.070869274,19.936163,30.32441,24.33348,19.936163,64.247765,12602,129,0.7873051224944321,0.8797327394209353,0.6926180921721617
720,0.031832412,0.028041594,0.038796168,0.007940829,0.057487182,13.060754,13.060754,18.676239,54.3759,61.56923,12602,88,0.8975501113585745,0.7694877505567929,0.6906538162013085
444,0.026848663,0.024494812,0.047024786,0.009961513,0.05943212,14.091044,15.170173,27.513098,14.091044,175.23074,12602,113,0.8775055679287305,0.7861915367483295,0.6898874509551043
999,0.030917205,0.0272,0.068528175,0.009401882,0.07994889,22.316397,28.443872,40.95221,22.316397,85.444405,12602,71,0.7371937639198218,0.9354120267260578,0.6895799127980515
813,0.039609365,0.03898197,0.048248746,0.011418078,0.07359645,20.82949,24.8304,27.601345,20.82949,126.47997,12602,95,0.7594654788418708,0.9075723830734966,0.6892698944945709
681,0.03271739,0.029091813,0.039097723,0.010105148,0.058697473,13.834231,13.834231,24.020084,53.45236,82.09922,12602,106,0.8830734966592427,0.7795100222717148,0.6883646410484074
123,0.029771863,0.026175452,0.06724084,0.009374363,0.07805671,22.304792,69.01788,78.609924,22.304792,88.3288,12602,70,0.7394209354120267,0.9276169265033407,0.6858993754991294
706,0.030707605,0.027029011,0.039344076,0.0071976352,0.05675809,12.967069,12.967069,17.208374,51.33004,55.873924,12602,99,0.9008908685968819,0.7594654788418708,0.6841955149031999
234,0.036313374,0.026522243,0.04906558,0.009161417,0.06655465,19.090141,21.317862,19.090141,52.097054,119.83064,12602,113,0.8017817371937639,0.8518930957683741,0.6830323262285405
639,0.04164316,0.028030824,0.060171485,0.009175387,0.07836126,22.329523,22.329523,33.517426,59.563385,141.54523,12602,136,0.7349665924276169,0.9287305122494431,0.6825858998715283
30,0.015307142,0.02115033,0.08206986,0.009132922,0.086122625,23.165844,165.83783,66.79453,23.165844,151.46701,12602,124,0.7160356347438752,0.953229398663697,0.6825462175286828
644,0.029540569,0.026027264,0.038174756,0.00973888,0.054839544,11.066993,11.066993,16.005991,49.87634,80.71716,12602,158,0.9309576837416481,0.7316258351893096,0.6811126928933884
320,0.0330972,0.023115769,0.035030592,0.0077124424,0.05345003,9.22481,9.22481,17.64374,37.76212,69.21299,12602,168,0.9554565701559019,0.7126948775055679,0.6809490032291505
452,0.04414319,0.028466277,0.06253419,0.008895507,0.08166686,22.985031,22.985031,35.994568,62.635685,50.131695,12602,101,0.720489977728285,0.9432071269487751,0.6795712818884827
131,0.025483789,0.02337045,0.041684512,0.008199943,0.054159027,10.750506,10.750506,25.690792,11.2751045,70.85083,12602,96,0.9365256124721603,0.7238307349665924,0.6778860223907619
564,0.038342606,0.03780226,0.047038093,0.009121258,0.071496494,20.842651,24.078281,26.685999,20.842651,89.77865,12602,106,0.7583518930957683,0.8853006681514476,0.6713694376515988
446,0.023940345,0.022595938,0.05152866,0.009139388,0.061146703,16.66813,20.38139,33.534214,16.66813,120.6007,12602,85,0.8351893095768373,0.8028953229398663,0.6705695904286189
834,0.038044874,0.038228728,0.047728706,0.010149275,0.07201998,21.0628,25.949276,27.04201,21.0628,122.782616,12602,105,0.7527839643652561,0.8897550111358574,0.6697933045967033
611,0.02825894,0.025265727,0.047196396,0.008359533,0.060534492,16.689228,28.616226,30.583418,16.689228,64.05604,12602,141,0.8340757238307349,0.799554565701559,0.6668890531296967
962,0.04275136,0.027264707,0.052749462,0.008589164,0.07316795,22.353722,22.353722,32.536,48.14696,131.31952,12602,145,0.7338530066815144,0.9031180400890868,0.6627558891076928
384,0.033579193,0.028726695,0.037753336,0.008886298,0.058121424,15.605057,15.605057,36.168358,47.70558,103.5502,12602,41,0.854120267260579,0.7750556792873051,0.6619907639347027
822,0.024264067,0.02144947,0.045914013,0.008913748,0.056186486,13.921348,13.921348,29.738262,14.437049,110.14462,12602,92,0.8808463251670379,0.7505567928730512,0.6611251928313847
137,0.03153041,0.025054192,0.034822956,0.010160459,0.053240187,11.161154,11.161154,16.31315,37.868587,74.99907,12602,162,0.9287305122494431,0.7082405345211581,0.6577645944216546
24,0.044514835,0.027651396,0.054260556,0.008385313,0.075434595,23.148968,23.148968,34.999252,45.234196,98.213974,12602,113,0.7171492204899776,0.9164810690423162,0.6572536842575184
135,0.031919803,0.026692146,0.04742951,0.009578191,0.0630944,19.528296,19.528296,21.475643,37.25928,105.40945,12602,106,0.7973273942093541,0.821826280623608,0.6552646068223867
679,0.041970752,0.027305877,0.053156827,0.009180414,0.073026046,22.559114,22.559114,30.27363,50.030304,139.07025,12602,145,0.7260579064587973,0.9008908685968819,0.6540989380012996
230,0.042449154,0.027099961,0.05297566,0.008939639,0.07309418,22.703772,22.703772,34.8125,44.276917,53.385124,12602,129,0.7238307349665924,0.9020044543429844,0.6528985471302226
329,0.04455047,0.030568829,0.065884605,0.010668679,0.08520551,25.305046,25.305046,49.978992,46.66813,169.00179,12602,72,0.6826280623608018,0.9510022271714922,0.6491808076348827
541,0.039684042,0.029397713,0.05117285,0.008207566,0.07111757,22.358591,32.43842,22.358591,73.599106,77.52973,12602,95,0.732739420935412,0.8841870824053452,0.647878730760264
685,0.039885912,0.041632798,0.056425165,0.010332077,0.08067202,25.071646,25.071646,28.68752,34.25831,122.52361,12602,64,0.685968819599109,0.9376391982182628,0.6431912540116368
866,0.033021163,0.027367147,0.039078753,0.008001339,0.05802161,16.871243,16.871243,19.814226,51.852486,80.66262,12602,160,0.8296213808463251,0.7717149220489977,0.6402311992500036
496,0.030310582,0.024780737,0.038720995,0.007134564,0.055064797,14.541617,14.541617,16.154245,43.92173,61.403496,12602,198,0.8708240534521158,0.7349665924276169,0.6400265871697064
630,0.03221543,0.025823724,0.037852403,0.009744246,0.05601342,15.688121,15.688121,19.445814,45.253212,114.2588,12602,188,0.8518930957683741,0.7494432071269488,0.6384454938219553
590,0.044181526,0.043470018,0.05183726,0.01032548,0.08080069,25.637648,26.722567,29.814367,25.637648,110.60157,12602,48,0.6781737193763919,0.9387527839643652,0.6366374670760561
619,0.032317173,0.022710998,0.03398967,0.008279519,0.052110333,10.899694,10.899694,19.48059,55.751926,70.28544,12602,150,0.933184855233853,0.6804008908685969,0.6349398068461962
300,0.026370728,0.022436535,0.052224364,0.009059126,0.062659375,20.319881,62.62241,65.99628,20.319881,126.15386,12602,94,0.7739420935412027,0.8173719376391981,0.6325985486183103
237,0.031203136,0.029881604,0.04198548,0.008973736,0.06024389,19.659111,19.659111,24.957432,62.240017,105.74012,12602,44,0.7951002227171492,0.7951002227171492,0.6321843641648602
755,0.028766872,0.024006873,0.0424667,0.0063858815,0.056632884,16.731983,16.731983,20.331728,32.29099,42.782436,12602,126,0.8329621380846325,0.7583518930957683,0.6316784142935798
109,0.043761484,0.03776009,0.09907461,0.009654122,0.11470253,28.476236,42.490578,39.089508,28.476236,123.40205,12602,33,0.6369710467706013,0.9910913140311803,0.6312964717436917
441,0.050831117,0.035559993,0.07796779,0.00947942,0.0996358,28.570019,28.570019,61.904636,52.38463,147.70483,12602,48,0.6347438752783964,0.9821826280623608,0.6234344075674227
3,0.03665185,0.026095958,0.031711902,0.008955308,0.055045456,16.065224,16.065224,30.163921,39.375584,137.23273,12602,130,0.8485523385300667,0.7338530066815144,0.6227126849569198
929,0.036634225,0.029742409,0.0447418,0.009916027,0.06502696,22.306383,25.474857,22.306383,60.837227,109.2608,12602,105,0.7383073496659243,0.841870824053452,0.6215594168679718
770,0.03473344,0.027047995,0.05057354,0.009902219,0.0670499,22.656717,43.655148,34.867374,22.656717,90.2696,12602,137,0.7249443207126949,0.856347438752784,0.620804212280693
338,0.030497093,0.024287859,0.03363148,0.009990166,0.05148834,11.249233,11.249233,16.381886,40.474384,155.88446,12602,197,0.9265033407572383,0.6692650334075724,0.6200762893041205
397,0.029999113,0.025541168,0.032069456,0.009541823,0.05080106,11.063819,11.063819,16.075014,46.88414,74.84176,12602,134,0.9320712694877505,0.6592427616926503,0.6144612377914791
474,0.032560553,0.025394736,0.03329769,0.009841438,0.05304544,14.487786,14.487786,18.075642,44.300594,136.79782,12602,137,0.8730512249443206,0.7015590200445434,0.6124969618206259
556,0.025926478,0.02290146,0.038154315,0.008393969,0.05150156,11.91085,25.668125,20.423258,11.91085,58.262497,12602,161,0.9131403118040089,0.6703786191536748,0.6121497413207275
500,0.0279702,0.022737894,0.04199982,0.0075090514,0.05534735,17.414219,17.414219,17.458868,31.234972,64.135895,12602,157,0.8240534521158129,0.7427616926503341,0.6120753369278923
931,0.025483996,0.022712022,0.038059454,0.0081488155,0.05112526,11.65908,27.386038,20.60078,11.65908,68.42964,12602,145,0.9198218262806236,0.6648106904231625,0.6115073833959156
330,0.03427329,0.026491137,0.044941176,0.007019892,0.06241913,21.076176,22.41365,21.076176,61.369167,64.768,12602,145,0.7516703786191536,0.811804008908686,0.6102090267409388
266,0.023912242,0.023651775,0.0458758,0.009735764,0.056884013,19.663124,22.004272,44.04468,19.663124,218.9733,12602,99,0.7939866369710468,0.7616926503340757,0.6047737858443163
587,0.03751115,0.023913095,0.04553695,0.0072153877,0.063659534,22.833315,22.833315,32.693996,45.396477,115.05632,12602,142,0.7227171492204899,0.8329621380846325,0.6019960218451297
94,0.037182506,0.031485595,0.037960045,0.0072077084,0.061764445,22.121706,22.121706,46.244427,39.77342,64.251144,12602,54,0.7405345211581291,0.809576837416481,0.5995195956369264
768,0.035485543,0.03709069,0.077654585,0.01016954,0.093086936,29.245071,82.640816,64.90604,29.245071,116.51376,12602,41,0.6180400890868597,0.9665924276169264,0.5973928700750492
95,0.031521622,0.024516417,0.03381588,0.008837503,0.052327633,14.701008,14.701008,17.319134,47.518597,109.261116,12602,203,0.8685968819599109,0.685968819599109,0.5958303778255067
881,0.029251652,0.023397204,0.03331995,0.0073316894,0.050132893,11.472515,11.472515,14.597464,48.116398,22.031544,12602,161,0.9242761692650334,0.643652561247216,0.5949127236472042
667,0.027267288,0.021134593,0.039379843,0.0103034265,0.052354064,15.302975,28.817005,26.915842,15.302975,94.89577,12602,169,0.8641425389755011,0.688195991091314,0.5946994310544094
662,0.048085425,0.045551248,0.059538983,0.010857726,0.089061856,29.221252,29.221252,45.489983,31.508472,67.359924,12602,40,0.6191536748329621,0.9587973273942093,0.5936428886761475
336,0.02812692,0.023450425,0.04029415,0.0087232785,0.054448735,18.293158,18.293158,18.501389,32.129898,104.38974,12602,121,0.8129175946547884,0.7293986636971046,0.5929410072370672
900,0.030311385,0.024378076,0.030831756,0.010160072,0.04963535,10.688425,10.688425,17.784279,55.57081,131.94197,12602,148,0.9387527839643652,0.6302895322939867,0.5916860531445777
884,0.029026682,0.02363842,0.041390516,0.0085613085,0.055807687,19.89317,20.919916,19.89317,36.97483,113.74228,12602,138,0.7895322939866369,0.7461024498886414,0.5890719788096289
634,0.0295849,0.025656877,0.048992567,0.009087157,0.06272012,23.08257,23.08257,25.858967,33.605667,103.31666,12602,172,0.7193763919821826,0.8184855233853007,0.5887991627025659
180,0.02879549,0.024632206,0.030485,0.0108902855,0.04863395,9.1020775,9.1020775,16.494137,35.120224,71.4908,12602,324,0.9576837416481069,0.6135857461024499,0.5876210931493395
977,0.031368278,0.028381335,0.078456625,0.009341132,0.08913423,29.61761,81.05984,79.35431,29.61761,100.13477,12602,43,0.611358574610245,0.9599109131403117,0.5868497676102797
713,0.03399076,0.024508372,0.028501317,0.00924765,0.05067896,13.515648,13.515648,20.077045,42.578568,120.03148,12602,143,0.8908685968819599,0.6570155902004454,0.5853145569714435
593,0.02771917,0.022629041,0.032877553,0.0072493777,0.04859382,9.10714,9.10714,14.461774,35.447353,13.633426,12602,193,0.9565701559020044,0.6102449888641425,0.5837421441361897
21,0.02962047,0.024507433,0.030063955,0.010537566,0.048803974,10.018056,10.018056,18.844692,31.618816,62.879997,12602,278,0.9443207126948775,0.6169265033407572,0.5825764753151025
581,0.02854855,0.02372761,0.03941258,0.008950875,0.054142136,18.856712,18.856712,21.1596,44.56328,100.59924,12602,137,0.8051224944320713,0.7227171492204899,0.5818758339492364
294,0.02908353,0.023953883,0.030935071,0.0072783255,0.048750576,10.522997,10.522997,16.327051,39.348534,92.0611,12602,187,0.9420935412026725,0.6158129175946547,0.5801533722550979
148,0.02878085,0.023973146,0.03177188,0.008884802,0.049117222,10.772568,10.772568,16.139168,40.6773,85.29115,12602,211,0.9354120267260578,0.6191536748329621,0.5791637938303877
708,0.027793339,0.024145065,0.038746856,0.009154181,0.05344879,18.37545,18.37545,18.739468,35.72166,108.58183,12602,143,0.811804008908686,0.7115812917594655,0.5776645453147554
835,0.024727985,0.025036165,0.039983768,0.009161911,0.05326335,18.393057,23.46152,36.97686,18.393057,145.25871,12602,175,0.8106904231625834,0.7093541202672605,0.5750665919315875
283,0.028572274,0.02641358,0.030213472,0.008663154,0.049263638,11.540713,11.540713,18.262589,53.841934,74.149765,12602,147,0.9220489977728284,0.6224944320712694,0.57397036721048
717,0.047727276,0.043364584,0.06567158,0.010947586,0.09203877,30.378208,33.50366,30.378208,41.105576,114.04367,12602,67,0.5957683741648107,0.9632516703786191,0.573874881573008
910,0.028718997,0.025547955,0.04139986,0.009950237,0.056492716,20.796955,20.796955,23.12792,35.22778,142.22542,12602,155,0.7605790645879732,0.7538975501113585,0.5733986934588617
5,0.030667068,0.023743948,0.029337449,0.00739638,0.048630547,10.881051,10.881051,17.010036,42.595985,73.46723,12602,120,0.9342984409799554,0.6124721603563474,0.5722317845645607
115,0.028654315,0.023618693,0.029434105,0.008936911,0.047384374,8.689421,8.689421,16.612293,32.68674,52.993576,12602,344,0.9665924276169264,0.5913140311804008,0.5715596648826146
284,0.027824903,0.022729993,0.030007869,0.008449182,0.04681186,8.393051,8.393051,13.917834,31.465528,53.05133,12602,290,0.9743875278396437,0.5846325167037861,0.5696586326456714
987,0.046902277,0.041899946,0.07034141,0.009553485,0.09435753,30.897455,33.462196,30.897455,38.584705,90.1343,12602,68,0.5846325167037861,0.9699331848552338,0.567054478896434
449,0.20398323,0.20603728,0.19965295,0.04849169,0.35202533,31.5877,36.80146,32.327778,31.5877,57.967606,12602,61,0.5668151447661469,1.0,0.5668151447661469
547,0.03199205,0.023975123,0.030975785,0.009184496,0.050574668,14.9366455,14.9366455,23.320652,39.993237,133.99266,12602,100,0.8652561247216035,0.6547884187082406,0.566559689684079
792,0.035596352,0.029741827,0.05390103,0.0092697935,0.07111257,28.237906,28.237906,39.054485,36.95615,187.11966,12602,107,0.6414253897550111,0.8830734966592427,0.5664257617769752
466,0.02908974,0.023728577,0.03205263,0.007042887,0.049362227,12.122834,12.122834,15.063768,40.292835,24.947006,12602,242,0.9075723830734966,0.623608017817372,0.5659694148342518
648,0.02745877,0.022635864,0.030316005,0.0068947887,0.04674855,8.586687,8.586687,13.179873,29.67016,33.84036,12602,223,0.9710467706013363,0.5824053452115813,0.5655428296486624
292,0.02428645,0.025234167,0.039036576,0.007263833,0.052444726,17.945004,23.923868,36.428688,17.945004,83.08447,12602,175,0.8184855233853007,0.6904231625835189,0.565101363584506
846,0.024197167,0.025467359,0.039935175,0.00837964,0.053187475,19.282661,22.797092,38.4366,19.282661,125.55071,12602,129,0.799554565701559,0.7060133630289532,0.5644962078561119
940,0.04423981,0.032994464,0.055707823,0.009298062,0.07841656,29.710232,30.085314,34.564045,29.710232,95.08788,12602,95,0.6069042316258352,0.9298440979955456,0.5643263178258043
936,0.044345323,0.04110765,0.065225914,0.009746711,0.08894249,30.828062,31.435638,30.828062,40.793816,109.167046,12602,80,0.5868596881959911,0.9576837416481069,0.5620259820139781
144,0.042240635,0.033005796,0.04881693,0.009047708,0.072503425,28.898193,30.91366,28.898193,66.97121,36.635353,12602,51,0.6269487750556793,0.8964365256124721,0.5620197816479084
100,0.030264901,0.024853377,0.03172685,0.0070480937,0.050400868,15.479665,15.479665,33.926353,32.625343,67.061775,12602,100,0.8608017817371937,0.6525612472160356,0.5617258842962087
690,0.029703718,0.024305785,0.03028797,0.009007567,0.04889216,12.072903,12.072903,28.497963,30.573355,99.11694,12602,87,0.9086859688195991,0.6180400890868597,0.5616043571212445
82,0.027629558,0.022643039,0.030005451,0.008086905,0.04665219,8.667402,8.667402,13.826821,30.809355,52.819736,12602,269,0.9688195991091314,0.5790645879732739,0.5610091219785616
817,0.030391788,0.022869231,0.035860147,0.009191034,0.0522744,18.10589,18.10589,34.13554,60.54915,166.26804,12602,136,0.8162583518930957,0.6837416481069042,0.5581098308044106
675,0.04411084,0.03895885,0.06590055,0.0097055165,0.088354066,30.901348,33.577766,30.901348,36.35992,138.11594,12602,86,0.5835189309576837,0.9554565701559019,0.557526996393867
524,0.027387103,0.023031823,0.029396022,0.0082126325,0.046310306,8.48791,8.48791,14.709576,29.656834,52.66053,12602,294,0.9721603563474387,0.5723830734966592,0.5564481326977544
908,0.04959124,0.037803225,0.0818982,0.011081697,0.102935374,31.632696,31.632696,52.84572,63.812595,157.61215,12602,58,0.5645879732739421,0.9844097995545656,0.5557859336015197
703,0.028038548,0.023234496,0.028880706,0.010174598,0.046476845,8.828955,8.828955,15.3159,31.24964,75.57244,12602,391,0.9643652561247216,0.5746102449888641,0.554134156080575
688,0.02772118,0.022040365,0.02935929,0.007960029,0.046002276,8.409338,8.409338,14.224505,27.607393,10.72132,12602,260,0.9732739420935411,0.5679287305122495,0.5527502343738374
889,0.034961525,0.029352417,0.07080552,0.009577757,0.08424544,30.91628,61.57063,71.99987,30.91628,129.26761,12602,48,0.5824053452115813,0.9487750556792872,0.5525716638310325
863,0.038064644,0.03822511,0.07422862,0.009641726,0.09176037,31.283695,83.959305,54.535816,31.283695,102.25712,12602,40,0.5734966592427617,0.9621380846325167,0.5517829772669779
879,0.096598655,0.11854272,0.103916556,0.014752427,0.18488464,32.763676,32.763676,33.80954,32.933445,79.5617,12602,76,0.5512249443207127,0.9988864142538975,0.5506111080798209
52,0.03431785,0.026157899,0.045138326,0.00923667,0.062445328,25.90971,25.90971,36.83255,35.975185,41.49958,12602,48,0.6737193763919822,0.8129175946547884,0.5476783349288942
265,0.027315598,0.023007635,0.028650504,0.008166983,0.045785856,8.6705065,8.6705065,14.215437,31.042871,55.235317,12602,231,0.9677060133630289,0.5657015590200445,0.5474328004325374
480,0.047268767,0.04209765,0.07057001,0.009735137,0.09479807,32.131073,34.29642,33.585667,32.131073,110.594444,12602,62,0.5612472160356348,0.9721603563474387,0.5456222935402106
110,0.026966024,0.022266118,0.02898578,0.00670648,0.0454216,8.122581,8.122581,13.662351,28.650612,17.9714,12602,246,0.977728285077951,0.5579064587973274,0.5454809251938234
157,0.027236853,0.023674132,0.027735977,0.008657792,0.045514777,8.64095,8.64095,16.106716,29.69256,62.963863,12602,267,0.9699331848552338,0.5612472160356348,0.5443722997405767
105,0.03623631,0.03173342,0.06907236,0.009686631,0.084208496,31.431463,87.05218,74.2024,31.431463,170.92891,12602,40,0.5690423162583519,0.9476614699331848,0.539259477879574
398,0.020197568,0.017810306,0.044233583,0.007848549,0.051785696,19.221952,55.207455,51.576405,19.221952,128.68712,12602,119,0.8006681514476615,0.6726057906458797,0.5385340350494292
97,0.027832633,0.027948756,0.044995364,0.009149484,0.0598362,25.331152,31.911236,28.228374,25.331152,273.42682,12602,57,0.6815144766146993,0.7895322939866369,0.5380776881067058
408,0.029513989,0.023287777,0.032066498,0.009570137,0.04941312,15.501823,15.501823,29.326603,31.85551,86.7,12602,165,0.8596881959910913,0.6258351893095768,0.5380231248852931
268,0.028667722,0.023362117,0.05162939,0.008666041,0.06350765,28.161377,37.419987,48.373695,28.161377,124.9656,12602,72,0.643652561247216,0.8318485523385301,0.5354214512824838
235,0.027157448,0.027468963,0.046679985,0.008941544,0.060589537,26.21657,27.893635,45.137833,26.21657,153.4312,12602,72,0.6681514476614699,0.8006681514476615,0.5349675844861881
741,0.0440826,0.035260998,0.07740266,0.008973106,0.09580076,33.136475,33.136475,43.385887,63.226063,188.68523,12602,45,0.5467706013363028,0.9755011135857461,0.5333753304795115
377,0.033472788,0.025295446,0.03167728,0.007532733,0.052571256,20.530361,20.530361,22.018663,39.389977,101.6974,12602,73,0.7672605790645879,0.6948775055679287,0.5331521173010054
232,0.052498363,0.043476462,0.060979117,0.011599462,0.09145892,32.70212,32.70212,37.44921,34.86731,71.957184,12602,54,0.5534521158129175,0.9610244988864142,0.5318810422567347
764,0.02780841,0.022388004,0.028156558,0.0066693374,0.045467813,9.734747,9.734747,15.217872,36.278095,91.550125,12602,132,0.9487750556792872,0.5601336302895322,0.5314408162657922
555,0.040487453,0.028790455,0.03429077,0.0088273315,0.060365397,26.57082,26.57082,34.57237,44.80144,135.33435,12602,35,0.6648106904231625,0.7984409799554565,0.5308120991463335
981,0.02803623,0.023207756,0.028993411,0.007625909,0.046532225,11.614312,11.614312,26.132029,25.479485,69.382484,12602,139,0.920935412026726,0.5757238307349666,0.5302044632715115
509,0.036202606,0.03103171,0.041712824,0.010103911,0.06335262,28.526709,28.526709,52.80315,56.98003,118.09614,12602,98,0.6358574610244988,0.8285077951002227,0.5268128630314333
76,0.027222406,0.021827865,0.02800275,0.0071745627,0.044740018,8.859074,8.859074,14.456247,28.610569,20.259712,12602,241,0.9632516703786191,0.5467706013363028,0.5266776950511157
714,0.03552701,0.036036756,0.03910264,0.012247972,0.0639518,28.864536,28.864536,37.488724,29.484997,166.77144,12602,138,0.6280623608017817,0.8374164810690423,0.5259497720745432
917,0.028060384,0.022056255,0.02788854,0.0071305255,0.04529497,10.0165415,10.0165415,14.457196,38.35352,89.274025,12602,222,0.9454342984409799,0.5556792873051225,0.5253582571515022
391,0.02745659,0.024016812,0.025898272,0.008387554,0.04473692,9.053986,9.053986,15.03951,30.489435,33.500904,12602,158,0.9610244988864142,0.5456570155902004,0.5243897599714287
423,0.026579374,0.021577075,0.027910989,0.0071058413,0.044170767,8.193989,8.193989,13.649646,28.10469,23.911705,12602,300,0.9766146993318485,0.5345211581291759,0.5220212201328366
473,0.047941506,0.033693932,0.062254332,0.009391462,0.08549427,33.070263,42.119312,36.38791,33.070263,55.778286,12602,131,0.5478841870824053,0.9521158129175946,0.5216491981686597
566,0.028204774,0.022976322,0.028624097,0.009666589,0.04628995,11.976952,11.976952,25.936636,27.224253,70.9522,12602,141,0.9109131403118039,0.5712694877505567,0.5203768830511752
426,0.023989892,0.026165562,0.0365544,0.008508218,0.050954644,20.068014,24.277372,37.11607,20.068014,145.94873,12602,104,0.7828507795100222,0.6625835189309577,0.5187040242855938
479,0.035841584,0.021170203,0.053643297,0.008443609,0.06789993,30.231882,40.57664,92.16625,30.231882,156.41641,12602,180,0.5968819599109131,0.866369710467706,0.5171204507914147
171,0.028266082,0.02792955,0.04537889,0.0112606995,0.060318112,27.958757,27.958757,35.909943,29.116941,174.19023,12602,128,0.6481069042316258,0.7973273942093541,0.5167533891200935
677,0.02800646,0.025100902,0.05520537,0.010176567,0.06679858,29.717262,80.99999,68.401985,29.717262,193.9122,12602,80,0.6057906458797327,0.8530066815144766,0.5167434685343822
683,0.027257472,0.021790368,0.027808372,0.006468837,0.044621695,9.2458725,9.2458725,13.820288,34.96365,27.868143,12602,267,0.953229398663697,0.5412026726057906,0.5158902981632034
640,0.030671358,0.022774506,0.028565671,0.0064361077,0.047701236,15.677688,15.677688,24.034111,35.637367,66.22519,12602,117,0.8530066815144766,0.6002227171492205,0.5119939881250589
457,0.027073042,0.02260947,0.028902892,0.0068825823,0.045601696,12.066577,12.066577,26.71888,26.90979,53.24506,12602,149,0.9097995545657015,0.5623608017817372,0.5116356069662352
67,0.028271027,0.02357283,0.028315501,0.009730747,0.04644025,13.646528,13.646528,37.00287,30.892246,104.3032,12602,224,0.8875278396436526,0.5734966592427617,0.5089942510205803
836,0.032904238,0.028447669,0.05623965,0.008048827,0.071097516,31.226187,31.226187,41.795418,42.693844,143.98325,12602,96,0.5746102449888641,0.8819599109131403,0.5067832004801563
275,0.028506914,0.021746408,0.029209504,0.007273171,0.046246573,13.584116,13.584116,25.927126,36.733307,39.995914,12602,217,0.888641425389755,0.5701559020044543,0.5066641534516197
963,0.033113115,0.027272627,0.03339272,0.009966911,0.054363113,24.554516,24.554516,37.511673,28.019997,99.566666,12602,186,0.6926503340757239,0.7271714922048997,0.5036755770060665
606,0.03775944,0.031578954,0.035726387,0.010113739,0.06082253,29.037998,29.037998,68.63556,29.276491,90.11997,12602,121,0.6258351893095768,0.8017817371937639,0.5017832252816206
394,0.036782157,0.03643411,0.05031551,0.009798454,0.07219434,31.926771,32.89932,31.926771,38.884308,127.845215,12602,59,0.5623608017817372,0.8919821826280623,0.501615815397741
42,0.029210713,0.030911602,0.05274626,0.009731877,0.06775663,31.097248,34.477215,54.36888,31.097248,128.96478,12602,79,0.5790645879732739,0.8641425389755011,0.5003943432820273
34,0.02789732,0.02282959,0.045526437,0.008023509,0.058069848,27.98656,38.813934,47.39281,27.98656,139.78851,12602,83,0.6469933184855233,0.7728285077951002,0.5000148808785669
568,0.022765487,0.021595921,0.051107608,0.008558008,0.059971984,28.854666,89.4961,71.79935,28.854666,196.03214,12602,64,0.6302895322939867,0.7928730512249443,0.4997395846250763
670,0.02761207,0.02202803,0.027921733,0.008508045,0.045025367,12.986825,12.986825,25.82729,29.852385,97.71878,12602,202,0.8997772828507795,0.5501113585746102,0.4949777034836137
651,0.02929672,0.02263314,0.032431867,0.008624006,0.049217712,19.648966,19.648966,24.48844,32.69998,231.4691,12602,155,0.7962138084632516,0.621380846325167,0.4947520101586797
911,0.03450332,0.028221413,0.05434415,0.009128882,0.070286654,31.707804,46.539616,44.24824,31.707804,86.864746,12602,67,0.5634743875278396,0.8775055679287305,0.49445191244091047
306,0.026647884,0.022890436,0.02712001,0.00950301,0.044379916,11.863079,11.863079,25.442127,34.060486,97.08231,12602,263,0.9153674832962138,0.5389755011135857,0.4933606480126586
438,0.0291208,0.026360787,0.044885084,0.008900526,0.059645478,29.18888,29.18888,39.914284,43.412956,113.122856,12602,100,0.621380846325167,0.7873051224944321,0.4892163233317295
868,0.035701394,0.032138918,0.06669958,0.009080677,0.08219692,34.426567,36.16682,51.044743,34.426567,187.24767,12602,74,0.5178173719376392,0.9443207126948775,0.4889856697139399
412,0.026166467,0.02264735,0.028982423,0.008706437,0.04513942,13.862829,13.862829,29.188158,53.933586,91.09459,12602,255,0.8819599109131403,0.5512249443207127,0.4861583027861965
546,0.035879157,0.029014045,0.055835325,0.010107603,0.072434194,33.67994,33.67994,43.36153,37.17161,189.50563,12602,78,0.5389755011135857,0.8953229398663697,0.48255713017296537
857,0.024455812,0.024615042,0.03936564,0.009321843,0.052475143,24.381685,77.71467,92.88,70.96116,24.381685,12602,45,0.6948775055679287,0.6926503340757239,0.4813071363733315
972,0.025867209,0.026482673,0.036722437,0.009756285,0.052143857,23.69804,36.82979,28.95792,23.69804,181.73727,12602,106,0.7037861915367483,0.6815144766146993,0.47964047797381953
126,0.02663329,0.022084568,0.025373496,0.006194782,0.042905416,9.946103,9.946103,15.235735,30.280712,27.922527,12602,93,0.9465478841870824,0.5066815144766147,0.4795983154845462
201,0.03541021,0.039479997,0.05687194,0.009251998,0.07776227,34.454308,54.198196,44.294926,34.454308,222.44614,12602,36,0.5167037861915367,0.9253897550111359,0.47815239011711247
4,0.027277788,0.02085999,0.026164046,0.0074119787,0.04317145,11.180681,11.180681,17.875082,33.36442,97.234215,12602,128,0.9276169265033407,0.5144766146993318,0.4772372160852376
411,0.03432907,0.03580568,0.045744173,0.009557721,0.06747638,32.7629,98.514786,75.84963,61.83938,32.7629,12602,91,0.5523385300668151,0.8619153674832962,0.4760690671177226
163,0.029797073,0.02487297,0.031778935,0.008770393,0.05016404,22.40866,22.40866,35.782192,35.946167,216.54134,12602,141,0.7293986636971046,0.6469933184855233,0.4719160619242959
916,0.03447211,0.029711628,0.052881774,0.008150051,0.06976811,33.717136,33.717136,47.147095,34.740196,182.846,12602,77,0.5367483296213809,0.8730512249443206,0.46860878666276456
571,0.02631647,0.02051328,0.0246936,0.006670241,0.04151054,8.942009,8.942009,14.174136,31.581053,82.38018,12602,182,0.9621380846325167,0.48552338530066813,0.46714053997748023
758,0.027021637,0.023417166,0.035517875,0.00882585,0.050398927,23.22338,32.12717,43.98816,23.22338,132.3801,12602,67,0.7149220489977728,0.6514476614699332,0.46573429695289204
371,0.039627988,0.040860686,0.04813947,0.010293792,0.07454785,35.14638,35.14638,35.203217,48.11319,145.84491,12602,54,0.510022271714922,0.9131403118040089,0.46572189622075283
376,0.02570558,0.023725634,0.037230898,0.009742334,0.051086422,24.32646,32.481365,28.221947,24.32646,216.14474,12602,143,0.6971046770601336,0.6636971046770601,0.46266635582164767
567,0.025108138,0.024829106,0.06715952,0.008559677,0.0758769,35.725536,114.43723,67.11507,35.725536,229.17262,12602,77,0.4988864142538975,0.9175946547884186,0.4577755070659371
173,0.027199209,0.029436687,0.05346228,0.00932557,0.06681714,33.71925,36.115597,34.334904,33.71925,104.02503,12602,51,0.5356347438752783,0.854120267260579,0.4574964905928045
427,0.022989992,0.02319142,0.038002394,0.00851056,0.050105527,23.378561,23.378561,31.557766,30.854893,55.039284,12602,164,0.7115812917594655,0.6425389755011136,0.45721871419288596
678,0.029964032,0.02720809,0.058009423,0.009334026,0.07073342,34.411903,34.411903,58.177414,62.277298,147.87318,12602,75,0.5200445434298441,0.8786191536748329,0.4569210966215445
646,0.03979003,0.030865591,0.06654486,0.008498718,0.08345148,36.948784,39.796936,38.63859,36.948784,167.04494,12602,60,0.4821826280623608,0.9465478841870824,0.4564089463841945
141,0.03744984,0.030235862,0.06007933,0.009358323,0.07698197,35.92865,37.978386,40.821625,35.92865,156.5064,12602,84,0.49331848552338525,0.9220489977728284,0.45486381515964697
475,0.025035866,0.027466431,0.038800344,0.010528501,0.0537277,28.780622,28.780622,43.91445,32.175255,177.138,12602,121,0.6314031180400891,0.7193763919821826,0.45421649694197946
288,0.026696725,0.020762272,0.02400735,0.009214381,0.04147457,10.691624,10.691624,17.090366,29.251131,111.467804,12602,162,0.9376391982182628,0.4844097995545657,0.45420161606341236
291,0.02533676,0.026003467,0.039460864,0.0074193296,0.053621743,28.860182,28.860182,45.30737,52.28975,120.02221,12602,106,0.6291759465478841,0.7171492204899776,0.4512130396178589
490,0.030892225,0.025382513,0.030576365,0.008767882,0.05033404,24.735224,24.735224,51.51905,26.917551,42.575283,12602,148,0.6904231625835189,0.6503340757238307,0.44900570929707684
944,0.019173527,0.018179059,0.029871766,0.008389978,0.03988013,7.8887897,38.29133,40.780643,42.968822,7.8887897,12602,48,0.9855233853006681,0.45434298440979953,0.4477656360831543
946,0.01919131,0.01887308,0.045127865,0.008710967,0.052545447,28.16667,92.76092,74.30903,28.16667,188.96503,12602,93,0.6425389755011136,0.6937639198218263,0.445770358281953
869,0.030906856,0.02289881,0.031172689,0.007687111,0.049510866,23.617592,23.617592,42.59605,30.712849,51.054134,12602,217,0.7082405345211581,0.6280623608017817,0.4448192221268743
878,0.024639398,0.024853343,0.036653962,0.0093801385,0.050678413,25.756933,25.756933,37.11226,37.18906,155.3086,12602,100,0.6770601336302895,0.655902004454343,0.4440850987842322
793,0.046582602,0.03874366,0.12829977,0.0097108595,0.14188673,39.456463,42.628403,39.456463,41.909744,168.50343,12602,45,0.4443207126948775,0.997772828507795,0.4433311342701673
624,0.031025995,0.023300631,0.032616448,0.008367074,0.050688896,25.91976,25.91976,50.23656,35.059235,103.56783,12602,234,0.6726057906458797,0.6581291759465479,0.44266149473464905
501,0.025232755,0.019912763,0.028489975,0.007279917,0.04295217,14.642994,14.642994,19.970898,32.04145,22.425528,12602,215,0.8697104677060133,0.5089086859688196,0.4426032112935947
425,0.035809048,0.028063118,0.048104957,0.0092394585,0.06621113,34.34938,42.6885,38.020454,34.34938,137.52731,12602,98,0.5222717149220489,0.8474387527839643,0.4425932907078833
661,0.023899285,0.023632465,0.03631548,0.009173715,0.049482152,23.676235,36.66515,32.58655,23.676235,152.6847,12602,105,0.7048997772828508,0.6269487750556793,0.4419360519045044
775,0.026243936,0.025720714,0.04129814,0.008832834,0.055279613,30.589996,30.589996,43.613365,54.282223,146.66672,12602,91,0.5935412026726058,0.7405345211581291,0.4395377503087782
574,0.01855344,0.016741043,0.0369693,0.007549535,0.044623107,18.565187,18.565187,40.20313,24.723265,194.9849,12602,127,0.8073496659242761,0.5423162583518931,0.4378388500057043
939,0.03866633,0.030816417,0.06220168,0.009364214,0.07945933,37.676746,37.676746,37.816673,39.278038,166.97333,12602,66,0.4677060133630289,0.933184855233853,0.43645616837218065
484,0.024794241,0.021094812,0.025862888,0.0073146005,0.041576847,13.071565,13.071565,21.635769,38.15028,60.71443,12602,202,0.8964365256124721,0.48663697104677056,0.4362391555597442
459,0.025300656,0.023835182,0.047268543,0.007943411,0.058673285,32.359768,32.359768,42.816372,53.307423,101.439804,12602,122,0.5567928730512249,0.7783964365256124,0.4334055882659312
734,0.022410095,0.023237238,0.034724705,0.008367873,0.047412936,22.368567,22.368567,33.137947,37.085735,107.35251,12602,192,0.7305122494432071,0.5924276169265034,0.4327756310732586
430,0.025339717,0.025670499,0.035848293,0.007336831,0.05085446,27.38088,27.38088,39.90126,31.669466,148.25047,12602,132,0.653674832962138,0.6603563474387527,0.43165832510751423
849,0.03250707,0.025542285,0.033046488,0.009323318,0.052926254,29.413612,30.952608,46.352932,29.413612,79.63976,12602,189,0.6169265033407572,0.6993318485523385,0.4314363520022222
595,0.048219252,0.034783043,0.08447366,0.009568389,0.10329935,39.6303,48.280346,53.139145,39.6303,89.92972,12602,33,0.4376391982182628,0.9855233853006681,0.4313036641683325
671,0.028290648,0.020489382,0.063436285,0.008888054,0.0724178,37.32297,68.658875,106.065025,37.32297,242.63263,12602,94,0.47772828507795095,0.8942093541202673,0.4271891012445374
456,0.024339177,0.022513852,0.04645361,0.008960926,0.057071947,32.338966,78.48337,48.87124,32.338966,164.49428,12602,97,0.5579064587973274,0.765033407572383,0.42681707928036067
314,0.030029451,0.028583504,0.030057983,0.00893418,0.051208075,28.42931,33.12727,28.42931,42.123066,96.94545,12602,154,0.6380846325167038,0.6670378619153674,0.425626608994995
360,0.03797696,0.030877927,0.06186511,0.009091614,0.07888591,38.33308,38.33308,39.763344,40.62548,165.32857,12602,81,0.45657015590200445,0.9309576837416481,0.4250474948040932
62,0.031462986,0.02859038,0.029911557,0.010124394,0.05198106,29.078978,32.589783,29.078978,42.422913,96.0946,12602,107,0.6247216035634744,0.6792873051224944,0.42436545453643576
331,0.032020513,0.030512176,0.04554014,0.009178336,0.06348394,35.46454,35.46454,36.120792,44.0881,202.24716,12602,74,0.5089086859688196,0.8307349665924276,0.42276824023690357
158,0.025800804,0.02495039,0.030997308,0.008111293,0.04742401,23.481009,25.953674,23.481009,42.75017,100.44112,12602,186,0.710467706013363,0.5935412026726058,0.42169185668721876
128,0.037894852,0.033428654,0.053201213,0.008823847,0.073374815,37.79651,58.571545,37.79651,47.779392,82.90582,12602,74,0.46547884187082406,0.9053452115812917,0.42141904058015583
190,0.030190183,0.02551344,0.050545722,0.007964589,0.06416582,35.770073,35.770073,38.054573,62.690464,154.69386,12602,81,0.4977728285077951,0.8396436525612472,0.41795179587402836
733,0.022247571,0.02078058,0.03208701,0.008895972,0.044230796,20.37548,27.974382,25.164713,20.37548,212.05688,12602,169,0.7717149220489977,0.5367483296213809,0.41421669535369365
507,0.032144763,0.02619981,0.03496884,0.008894539,0.054245144,31.356823,54.897705,31.356823,48.43519,165.6964,12602,115,0.5712694877505567,0.7249443207126949,0.4141385707412165
407,0.032657396,0.025848245,0.03481979,0.0099943215,0.054286785,31.387896,58.78467,31.387896,43.49023,185.35356,12602,132,0.5701559020044543,0.7260579064587973,0.4139662005644813
302,0.027229192,0.02672283,0.03247417,0.010205981,0.050101,28.11751,31.900188,28.11751,47.849472,148.33282,12602,132,0.6447661469933185,0.6414253897550111,0.41356937713602604
483,0.043760642,0.030765858,0.05188189,0.008776197,0.074520215,38.75876,54.340496,38.75876,40.741398,146.30576,12602,64,0.4510022271714922,0.9120267260579065,0.4113260846920402
16,0.023204146,0.021321338,0.033069726,0.0088340035,0.045679737,22.439596,29.468935,30.177698,22.439596,159.83594,12602,112,0.7282850779510022,0.5634743875278396,0.41036998824410587
81,0.02589866,0.022840187,0.03278702,0.007423713,0.04761726,24.864765,26.063297,24.864765,52.226723,64.03606,12602,143,0.688195991091314,0.5957683741648107,0.41000540671921265
259,0.030058002,0.024771977,0.055175513,0.010064211,0.06753867,37.492233,45.30308,63.818764,37.492233,164.99048,12602,79,0.4743875278396436,0.8630289532293987,0.4094101715765298
69,0.022940412,0.020669153,0.02532675,0.008437712,0.039936457,13.467675,13.467675,21.610218,34.500286,85.09483,12602,151,0.8919821826280623,0.4587973273942093,0.4092390414730085
559,0.028884944,0.024625964,0.032784563,0.007935661,0.050155815,28.74458,45.739525,28.74458,53.356625,51.456387,12602,84,0.6325167037861915,0.6458797327394209,0.40852971959464485
32,0.02751164,0.025431003,0.04318684,0.00727075,0.057172805,33.886696,33.886696,58.663933,39.80003,145.72243,12602,106,0.532293986636971,0.7661469933184855,0.4078154374234254
178,0.023273394,0.020392856,0.03012123,0.007735297,0.043183424,19.92373,33.712376,26.465086,19.92373,190.89279,12602,80,0.7884187082405345,0.5155902004454342,0.4065009598166675
482,0.031490225,0.023371832,0.047414865,0.008498353,0.061530855,35.580574,35.580574,61.964798,38.75768,209.93958,12602,57,0.5033407572383073,0.8062360801781737,0.4058114791097266
744,0.022295276,0.020608552,0.031619154,0.0065164054,0.043835633,20.73465,26.745546,24.500822,20.73465,164.41888,12602,140,0.7639198218262806,0.5311804008908686,0.40577923720616466
701,0.02411651,0.024817564,0.03311368,0.007337852,0.04789607,26.0254,26.0254,34.79171,47.179226,125.49126,12602,81,0.6703786191536748,0.6035634743875278,0.40461604853150523
83,0.022140944,0.02045319,0.02987608,0.008522843,0.042439777,19.064606,27.14854,25.516096,19.064606,187.6639,12602,115,0.8028953229398663,0.5033407572383073,0.4041299398316476
596,0.022600826,0.02037206,0.024548909,0.008265535,0.039095614,11.814807,11.814807,21.950533,32.689217,83.17544,12602,189,0.9164810690423162,0.43875278396436523,0.40210862049295387
705,0.03758271,0.028869582,0.047315247,0.010968067,0.066967495,37.645584,43.739544,43.31726,37.645584,151.03764,12602,90,0.46993318485523383,0.8552338530066814,0.4019027683394427
271,0.022419492,0.020398706,0.024995994,0.007645909,0.039287917,12.520055,12.520055,20.619898,33.954094,74.70141,12602,197,0.9053452115812917,0.4420935412026726,0.40024727059885606
243,0.02433514,0.022410179,0.028278869,0.009924664,0.043521367,21.011517,21.011517,23.345646,45.5171,141.50499,12602,139,0.7538975501113585,0.5278396436525612,0.3979370142013184
691,0.040595282,0.0300197,0.05103652,0.008734892,0.07179057,38.959003,46.25887,38.959003,39.786987,135.28653,12602,69,0.44766146993318484,0.8875278396436526,0.39731201730150145
583,0.046017367,0.048680183,0.07466753,0.010822937,0.1003125,42.078247,42.078247,45.018467,43.64804,125.73363,12602,24,0.40311804008908686,0.9832962138084632,0.3963844425374874
745,0.021697003,0.020121977,0.023731254,0.006794206,0.037931863,11.735723,11.735723,19.859509,30.685555,54.882473,12602,208,0.9187082405345212,0.4265033407572383,0.3918321337691777
773,0.027621312,0.024690138,0.033384636,0.009066195,0.04987057,29.531094,50.066235,29.531094,41.364513,135.11002,12602,124,0.6146993318485523,0.6358574610244988,0.3908611564426763
19,0.026920103,0.025526829,0.03926322,0.010737798,0.054017693,33.583252,33.583252,45.88719,54.998257,151.02715,12602,124,0.5400890868596881,0.7216035634743875,0.38973020967157895
839,0.023200748,0.021644775,0.034243036,0.008302145,0.04668358,25.98589,31.486158,32.561596,25.98589,146.46878,12602,86,0.6714922048997772,0.5801781737193764,0.38958512110555005
539,0.03451916,0.02787048,0.04491739,0.008682312,0.063134044,37.516895,64.83693,37.516895,54.001373,235.30054,12602,59,0.4732739420935412,0.8229398663697104,0.3894759946627248
955,0.020272465,0.018600691,0.031384546,0.0086677335,0.041736655,19.736364,19.772646,32.437347,19.736364,105.26414,12602,72,0.7928730512249443,0.4910913140311804,0.3893730685859693
226,0.022688853,0.020618064,0.045573775,0.0075918064,0.05492593,34.03059,84.36164,64.58805,34.03059,213.37183,12602,78,0.5289532293986636,0.732739420935412,0.3875848830114929
530,0.024451341,0.0185756,0.0263527,0.0073672337,0.040464625,17.300636,17.300636,20.55872,33.070816,168.71136,12602,212,0.8251670378619154,0.4677060133630289,0.385935585636976
205,0.027099866,0.02005931,0.033633713,0.008313505,0.04762358,28.016903,56.616474,28.016903,51.033085,288.40512,12602,138,0.6458797327394209,0.5968819599109131,0.38551396074424227
686,0.023078451,0.022875441,0.03068287,0.009245149,0.0446916,23.630625,23.630625,25.99705,37.789894,143.27446,12602,201,0.7071269487750557,0.5434298440979956,0.38427388753031977
353,0.02419457,0.023622792,0.026784655,0.00825911,0.043137357,21.290487,26.933167,21.290487,37.059364,79.070175,12602,127,0.7483296213808462,0.5133630289532294,0.38416476108749453
296,0.020139396,0.016906628,0.038453776,0.0062361495,0.04658457,26.595076,58.038612,56.63165,26.595076,110.55245,12602,116,0.6636971046770601,0.576837416481069,0.382845323187881
727,0.026899863,0.025668928,0.028603869,0.007930346,0.046911385,27.867365,31.37499,27.867365,40.620636,43.47863,12602,94,0.6492204899777283,0.5879732739420935,0.38172429700249505
729,0.022788083,0.023231922,0.030359894,0.0067201764,0.04450553,23.642553,31.293158,32.56279,23.642553,74.40149,12602,107,0.7060133630289532,0.5400890868596881,0.38131011254904484
183,0.03221893,0.028181432,0.06505831,0.009257769,0.07787706,41.434845,73.2975,69.75657,41.434845,213.25131,12602,70,0.410913140311804,0.9265033407572383,0.38071239725993417
989,0.054131348,0.028593889,0.058239773,0.008415642,0.084496655,42.305447,45.64453,82.5536,42.305447,209.58255,12602,53,0.39866369710467703,0.9498886414253898,0.3786861176283848
185,0.0334939,0.026696268,0.03683899,0.008649399,0.05649463,35.617638,46.574455,35.617638,50.28433,90.490616,12602,96,0.5011135857461024,0.755011135857461,0.37834633756777
975,0.031092241,0.02332712,0.054670855,0.0086242175,0.06708043,39.578983,52.088673,54.96676,39.578983,196.60052,12602,95,0.43986636971046766,0.8574610244988864,0.3771682680145435
532,0.020838894,0.01916888,0.029636614,0.008056644,0.04098822,20.072556,22.568035,33.224518,20.072556,186.45724,12602,72,0.7817371937639198,0.48106904231625836,0.3760695631470082
902,0.027965186,0.021095892,0.03540516,0.008644516,0.049805757,30.64828,46.032448,30.64828,48.01832,249.0945,12602,111,0.5913140311804008,0.6347438752783964,0.3753329596579381
535,0.027644832,0.022298764,0.032848258,0.009616873,0.0483785,29.421812,51.06338,45.733482,29.421812,103.27997,12602,95,0.6158129175946547,0.6080178173719376,0.37442522606534684
245,0.023804722,0.018508973,0.02433081,0.0072488263,0.038745776,15.4714155,15.4714155,21.361385,31.215078,144.35356,12602,183,0.8619153674832962,0.433184855233853,0.37336868368708487
597,0.019990595,0.018251484,0.030746063,0.008423975,0.04096414,20.180779,20.180779,31.512953,22.480503,164.65671,12602,72,0.7761692650334076,0.47995545657015587,0.3725266739748314
428,0.024357563,0.019626288,0.023549357,0.009138102,0.039154235,16.341774,16.341774,20.752823,25.096516,198.98508,12602,272,0.8429844097995546,0.43986636971046766,0.37080049206105126
751,0.02346302,0.02337521,0.026494903,0.009653261,0.04241337,22.533875,22.533875,24.63909,37.925697,135.19133,12602,244,0.7271714922048997,0.5022271714922049,0.3652052817198327
918,0.027553916,0.019695502,0.04175274,0.00739314,0.05376265,35.51785,48.178734,35.51785,45.68388,223.21867,12602,106,0.5066815144766147,0.720489977728285,0.36505895308058983
825,0.039489787,0.035895415,0.04229745,0.010118407,0.068095505,41.212624,41.212624,71.96981,46.47672,151.15106,12602,138,0.41648106904231624,0.8697104677060133,0.3622179453474933
469,0.028719468,0.02012632,0.03870462,0.008041654,0.052229535,34.004276,34.004276,59.111053,42.89202,76.81257,12602,73,0.5300668151447662,0.6826280623608018,0.36183848294403304
421,0.04222594,0.03961566,0.046615433,0.010923105,0.07433323,42.36016,42.36016,60.32288,79.61393,111.36095,12602,48,0.3975501113585746,0.9097995545657015,0.3616909142315762
432,0.02151148,0.020984136,0.026504263,0.0069746026,0.04006936,20.086226,20.163658,20.086226,35.701584,95.89312,12602,221,0.7806236080178174,0.46325167037861914,0.36162519035123836
345,0.02186575,0.021862438,0.024560442,0.00616153,0.039487876,18.430634,20.872972,18.430634,31.51226,34.334103,12602,203,0.809576837416481,0.4465478841870824,0.36151482383519923
465,0.02363248,0.018705282,0.023056822,0.0067941668,0.037947316,16.179512,16.179512,21.603085,29.913113,39.36051,12602,223,0.8452115812917594,0.4276169265033407,0.36142677863701067
572,0.02196512,0.018112402,0.03920895,0.009737424,0.048454795,30.702951,94.7123,87.19883,30.702951,216.12352,12602,103,0.5902004454342984,0.60913140311804,0.3595096254482864
15,0.024810532,0.022252282,0.05297559,0.009327864,0.06258706,39.554848,39.554848,68.01931,84.85238,257.34885,12602,81,0.44097995545657015,0.8140311804008908,0.3589714336734441
410,0.024020808,0.022107666,0.028113753,0.006950663,0.04308284,23.82664,23.82664,24.078955,41.004692,62.964325,12602,171,0.700445434298441,0.512249443207127,0.3588027837163506
220,0.045352608,0.03955982,0.052964907,0.009476078,0.08016932,43.468414,76.47039,59.52301,43.468414,245.03304,12602,35,0.38307349665924273,0.9365256124721603,0.35875814108064935
809,0.021039829,0.021163253,0.025621027,0.007836452,0.039331853,18.73447,18.73447,20.19367,35.283344,105.851524,12602,255,0.8062360801781737,0.443207126948775,0.3573295767382106
747,0.019333953,0.02046566,0.023742337,0.0063857525,0.03682857,14.300411,14.300411,17.649553,31.080029,73.850426,12602,249,0.8752783964365256,0.40757238307349664,0.3567393018883835
174,0.032441325,0.03294223,0.057002675,0.0104264645,0.073395744,42.982765,80.80151,43.292656,42.982765,137.03322,12602,67,0.3908685968819599,0.9064587973273942,0.3543062782426674
520,0.026339905,0.023178538,0.035990182,0.009084135,0.050262596,33.22617,33.22617,33.66745,40.4019,250.88414,12602,157,0.5456570155902004,0.6492204899777283,0.35425171502125485
867,0.03435161,0.02432275,0.0412359,0.009951277,0.058923922,38.81306,92.40324,90.31691,38.81306,138.20068,12602,49,0.44988864142538976,0.7806236080178174,0.35119369447572185
92,0.03502951,0.032732524,0.048018977,0.009195505,0.067855045,41.804905,65.52987,41.804905,41.884705,226.87444,12602,59,0.4042316258351893,0.8652561247216035,0.3497638900600691
752,0.02219755,0.022785699,0.024838435,0.006869622,0.040359225,21.106556,21.8469,21.106556,32.223484,36.05784,12602,145,0.7505567928730512,0.46547884187082406,0.3493683067048278
810,0.020110782,0.017971927,0.03374067,0.008237638,0.043195676,25.8595,68.18203,63.125656,25.8595,190.00546,12602,119,0.6759465478841871,0.5167037861915367,0.3492641405548583
279,0.022856396,0.019112855,0.023422,0.009635502,0.03789863,17.43339,17.43339,23.696196,29.147,221.67828,12602,280,0.8229398663697104,0.42427616926503336,0.3491537740388192
219,0.02847043,0.02578105,0.04181803,0.009677853,0.056780063,38.295254,41.580193,38.295254,51.898647,255.14525,12602,108,0.4576837416481069,0.7605790645879732,0.3481046720998407
337,0.028278913,0.027286882,0.07146062,0.0086899595,0.081553,44.765812,44.765812,68.603035,76.41568,105.912285,12602,56,0.366369710467706,0.9420935412026725,0.345154537923919
340,0.025252488,0.026106909,0.030859059,0.00865437,0.04766068,31.196009,33.12796,31.196009,37.850346,128.624,12602,172,0.5757238307349666,0.5991091314031181,0.3449214041597016
934,0.0247577,0.019724863,0.024283381,0.008504564,0.03989607,20.937777,20.937777,22.814621,33.59972,211.58165,12602,173,0.7561247216035635,0.45545657015590196,0.34438197231164525
521,0.031727552,0.028855924,0.036814194,0.008844387,0.056520674,38.43053,65.69958,47.925335,38.43053,182.94304,12602,82,0.45434298440979953,0.7572383073496659,0.34404591247067223
540,0.022339633,0.021467583,0.024793059,0.0069636246,0.039681382,20.886951,21.844183,20.886951,29.584446,78.69542,12602,231,0.7572383073496659,0.4521158129175946,0.3423594128997376
811,0.03406251,0.024383241,0.03146638,0.008791546,0.052392077,35.84082,63.97903,35.84082,62.192596,268.10913,12602,72,0.49665924276169265,0.6893095768374164,0.34235197246045407
244,0.022221098,0.01770507,0.021905245,0.007714293,0.035875987,14.02478,14.02478,19.877855,22.29793,38.542606,12602,192,0.8786191536748329,0.38752783964365256,0.34048938249314237
211,0.02928891,0.024507413,0.039760064,0.00863775,0.055129994,38.04448,38.943047,38.04448,43.36464,234.58067,12602,86,0.4610244988864142,0.7371937639198218,0.33986438559332544
278,0.033209134,0.02926738,0.035748783,0.010177264,0.05689817,39.131393,39.131393,56.74077,82.67232,103.79672,12602,31,0.4454342984409799,0.7628062360801782,0.33978006061477867
557,0.019752223,0.019004207,0.027257971,0.010056844,0.03865627,19.985168,24.817945,44.42245,19.985168,222.89687,12602,96,0.7850779510022271,0.43207126948775054,0.3392096269363743
953,0.012995935,0.01441411,0.038977318,0.007837687,0.043541845,28.33602,320.37958,78.47013,141.88608,28.33602,12602,140,0.6391982182628062,0.5289532293986636,0.3381059617759832
228,0.030279024,0.022853017,0.035413418,0.008792879,0.05189595,35.675823,50.619267,35.675823,52.071068,147.02704,12602,85,0.5,0.6759465478841871,0.33797327394209353
605,0.02967124,0.023603689,0.04986294,0.008647329,0.06264048,41.38056,95.374725,52.7196,41.38056,161.48111,12602,52,0.41202672605790647,0.8162583518930957,0.3363202563479348
760,0.02416271,0.019253707,0.024753291,0.008379051,0.039588723,22.023365,22.023365,25.083506,36.436096,219.40419,12602,223,0.7416481069042316,0.44877505567928727,0.3328331704703845
11,0.025919715,0.022281084,0.029030828,0.008543531,0.044844925,29.805956,42.848877,29.805956,48.8143,51.42035,12602,108,0.6046770601336303,0.5489977728285078,0.3319663592938527
818,0.029914582,0.02431798,0.036605142,0.009617789,0.053161856,37.677124,37.677124,38.532158,46.526573,249.10551,12602,67,0.4665924276169265,0.7048997772828508,0.3289008983090362
8,0.016295034,0.014999873,0.029493676,0.008544427,0.03688362,18.917316,31.095507,27.41504,18.917316,171.9263,12602,134,0.8040089086859687,0.40868596881959907,0.3285871597859137
229,0.021678278,0.018122232,0.031423006,0.008020602,0.042258352,27.729828,77.562416,80.67558,54.55917,27.729828,12602,159,0.6514476614699332,0.4977728285077951,0.3242729450746772
985,0.019441273,0.02053189,0.037087854,0.0085247755,0.046637222,32.145714,32.145714,68.70212,71.21403,259.99442,12602,97,0.5601336302895322,0.5779510022271714,0.32372979300697907
269,0.020403806,0.021041334,0.025450608,0.0064753415,0.038817346,22.328009,22.328009,24.88147,34.137154,72.25914,12602,203,0.7360801781737193,0.4354120267260579,0.3204981622114969
608,0.02781227,0.023900066,0.038472485,0.008497477,0.053149484,38.557224,41.510532,38.557224,50.32852,250.56967,12602,124,0.4532293986636971,0.7037861915367483,0.31897659237801396
633,0.02538636,0.023265667,0.071934074,0.008917001,0.0797513,46.628044,46.628044,84.336815,75.70913,278.96942,12602,48,0.34075723830734966,0.9342984409799554,0.3183689565031919
692,0.02377337,0.020189572,0.04219695,0.008345776,0.05247261,38.258232,38.258232,66.618324,78.283325,263.90237,12602,63,0.4587973273942093,0.6915367483296213,0.3172752119285122
381,0.020009711,0.016048457,0.022347432,0.006848776,0.034019835,11.514707,42.082035,26.56112,38.18755,11.514707,12602,201,0.9231625835189309,0.3429844097995545,0.31663037385727244
649,0.017125946,0.01568159,0.023028456,0.008957756,0.032703515,7.11864,33.415062,27.762796,30.450384,7.11864,12602,51,1.0,0.31625835189309576,0.31625835189309576
531,0.024364604,0.017471422,0.03382056,0.0093713235,0.0451964,31.467484,40.709305,31.467484,46.994213,266.4126,12602,221,0.5679287305122495,0.5534521158129175,0.3143213575329487
256,0.029778091,0.023552917,0.040143188,0.008010744,0.05525351,40.843334,49.45949,40.843334,59.822277,205.35843,12602,50,0.42427616926503336,0.7394209354120267,0.31371868195098235
33,0.02179555,0.0168642,0.020815495,0.006584839,0.034535952,13.959296,13.97334,18.837984,19.107008,13.959296,12602,238,0.8797327394209353,0.35634743875278396,0.3134905084796206
996,0.021277063,0.017919686,0.025121203,0.0078982655,0.037482042,21.44753,21.44753,25.804173,49.137768,133.1941,12602,137,0.7472160356347438,0.4153674832962138,0.31036924420017753
653,0.02430055,0.021564182,0.042779256,0.009203314,0.05371774,40.253063,89.64035,84.66768,40.253063,195.47723,12602,97,0.4309576837416481,0.7182628062360802,0.30954087529327734
445,0.017209996,0.015152002,0.02316146,0.008568161,0.032591723,7.358694,30.503056,83.39261,30.369646,7.358694,12602,94,0.9988864142538975,0.3084632516703786,0.308119751390122
607,0.024905814,0.019102281,0.024300998,0.009571475,0.03969553,25.61058,25.61058,25.673134,29.173265,226.62144,12602,225,0.6792873051224944,0.4532293986636971,0.3078729768205514
249,0.02234051,0.021713661,0.0476696,0.008903121,0.0569471,42.123203,107.36507,95.19388,42.123203,187.78928,12602,144,0.4020044543429844,0.7639198218262806,0.3070991711350638
749,0.024903886,0.017198779,0.030546837,0.009534337,0.043001287,30.227291,48.094116,58.143135,30.227291,107.570366,12602,41,0.5979955456570155,0.5111358574610245,0.3056569659872719
1,0.04785617,0.039447118,0.04609037,0.009196538,0.077269726,48.707783,61.33118,50.657135,48.707783,128.59322,12602,42,0.3285077951002227,0.9242761692650334,0.3036319264289364
684,0.042289864,0.03798779,0.07889396,0.009216627,0.09724074,50.546875,63.5377,56.107582,50.546875,275.10468,12602,45,0.30957683741648107,0.9799554565701558,0.3033715110540126
945,0.028956186,0.02758204,0.042151578,0.008403047,0.05810323,43.280518,43.280518,45.53296,53.205322,197.28107,12602,67,0.38752783964365256,0.7739420935412027,0.2999241075193079
47,0.025535917,0.017850751,0.042995043,0.009538448,0.05309714,40.673756,75.98847,106.87749,40.673756,286.8799,12602,128,0.4265033407572383,0.7026726057906458,0.2996922138283044
763,0.03238184,0.025964633,0.06988007,0.008142138,0.08127712,49.71827,49.71827,63.325798,54.66008,166.17546,12602,49,0.3151447661469933,0.9409799554565701,0.29654490801136896
666,0.02082268,0.019839743,0.040396515,0.00763992,0.04958909,37.608887,103.86163,47.804596,37.608887,63.615498,12602,89,0.47104677060133626,0.6291759465478841,0.2963712977614198
978,0.017058266,0.017472774,0.026693577,0.0065154266,0.036177747,21.92606,38.32699,34.33712,46.614117,21.92606,12602,159,0.7438752783964365,0.39643652561247217,0.2948993308564938
179,0.021145718,0.017048724,0.019965589,0.0071423226,0.033710904,15.369291,15.369291,19.904314,22.695284,118.99487,12602,262,0.8630289532293987,0.33630289532293983,0.2902391357185728
280,0.029081145,0.020842483,0.03227874,0.008412237,0.048187543,37.827858,37.827858,75.56165,45.336857,241.64528,12602,102,0.46436525612472157,0.6069042316258352,0.2818252389621083
204,0.017628599,0.016848555,0.036031105,0.0067748264,0.043507263,33.832844,33.832844,54.99698,63.180737,256.01495,12602,133,0.5334075723830735,0.5256124721603563,0.28036567278932145
545,0.030774007,0.034210537,0.03691488,0.008835022,0.05899245,45.599663,45.599663,48.312534,47.05777,106.2806,12602,94,0.3574610244988864,0.7817371937639198,0.27944057817173523
416,0.05095631,0.030556934,0.046413794,0.009869623,0.0753957,51.077526,66.336845,83.16366,51.077526,143.53412,12602,43,0.3040089086859688,0.9153674832962138,0.2782798696435037
257,0.02778514,0.030263606,0.04367445,0.009552918,0.0599613,45.852158,45.852158,74.62634,75.74447,186.65936,12602,63,0.3507795100222717,0.7917594654788418,0.27773299735616386
495,0.04691275,0.039762497,0.046559896,0.009913229,0.07713421,51.393394,57.894527,51.579796,51.393394,136.02962,12602,38,0.30066815144766146,0.9231625835189309,0.2775655874722843
323,0.035284843,0.031313233,0.05465876,0.009232715,0.07220193,50.46357,68.93095,50.46357,59.464165,258.02063,12602,41,0.3106904231625835,0.8930957683741648,0.27747630220088193
968,0.02643133,0.02314902,0.03828243,0.008571955,0.05196188,41.48345,59.297543,41.48345,42.09596,251.3415,12602,93,0.40979955456570155,0.6770601336302895,0.277458941175887
794,0.021546172,0.015720109,0.028577967,0.010509972,0.039090402,28.70395,59.666515,127.52776,28.70395,180.14848,12602,399,0.6336302895322939,0.4376391982182628,0.2773014518777188
518,0.017552422,0.015070754,0.029063381,0.0063284677,0.03714694,25.86554,144.1769,137.15555,81.932106,25.86554,12602,126,0.6748329621380846,0.410913140311804,0.2772977316580771
281,0.033816483,0.02739014,0.035549853,0.008643992,0.056192227,44.646427,70.25079,44.646427,93.11189,121.52326,12602,37,0.3685968819599109,0.7516703786191536,0.27706335782064573
654,0.021297554,0.017857023,0.020472605,0.009101057,0.034519367,20.139065,20.139065,25.948044,30.297821,218.31868,12602,226,0.7783964365256124,0.3552338530066815,0.2765127653136641
451,0.012592956,0.013929869,0.03637144,0.007960503,0.04093294,31.161713,112.71828,99.7877,91.234505,31.161713,12602,132,0.5779510022271714,0.4766146993318485,0.27545994315504385
7,0.032300517,0.03234931,0.031424124,0.010064895,0.05547321,44.64558,50.221855,44.64558,55.805157,78.58877,12602,62,0.36971046770601335,0.7438752783964365,0.27501847709088745
493,0.014107355,0.011793667,0.027877618,0.005504257,0.03339565,16.51933,66.57405,58.818455,87.99275,16.51933,12602,166,0.8407572383073496,0.3262806236080178,0.27432279601787685
261,0.03436861,0.027443703,0.05435607,0.008663218,0.06992096,50.284306,62.346725,53.81588,50.284306,260.45056,12602,32,0.3129175946547884,0.8752783964365256,0.2738900104662179
950,0.03689389,0.02710424,0.036536653,0.0088540325,0.0585724,45.793255,45.793255,58.477932,66.059425,292.6218,12602,50,0.35189309576837413,0.77728285077951,0.27352046864846896
216,0.020517098,0.016435057,0.01862607,0.005600743,0.032217897,12.961815,12.961815,17.644283,19.52189,36.901196,12602,308,0.9020044543429844,0.3028953229398664,0.2732129304914162
715,0.02661594,0.01986231,0.028508855,0.007093214,0.043768417,34.791435,58.381607,34.791435,48.073406,209.81993,12602,117,0.512249443207127,0.5300668151447662,0.27152643092048157
617,0.02036753,0.016988283,0.021777086,0.007057423,0.034317337,20.472792,20.472792,23.423006,29.879892,22.651726,12602,171,0.7694877505567929,0.35189309576837413,0.2707774266992723
921,0.018134814,0.015703086,0.026385814,0.009659603,0.035660475,23.707756,82.5477,35.974575,23.707756,114.80072,12602,91,0.7015590200445434,0.38084632516703787,0.2671861746717526
289,0.019932348,0.016810816,0.019714065,0.0071723573,0.03268863,15.889357,15.889357,19.879911,25.783875,147.23361,12602,233,0.8496659242761693,0.31403118040089084,0.2668215931468594
891,0.025412573,0.0232648,0.056853335,0.008846097,0.0664782,49.813206,49.813206,72.574646,57.46763,202.9247,12602,71,0.31403118040089084,0.8485523385300667,0.26647189250053316
305,0.023851091,0.018784108,0.029478312,0.008757017,0.042316522,34.298424,34.298424,63.38818,38.982044,206.85046,12602,230,0.5233853006681515,0.5,0.26169265033407574
206,0.03705756,0.021983776,0.035535533,0.00834962,0.055850904,46.514313,50.290527,80.90528,46.514313,271.6889,12602,129,0.34521158129175944,0.7483296213808462,0.25833205192434555
486,0.026178498,0.0172754,0.028156025,0.006331897,0.042148724,34.575737,34.575737,60.16114,38.220573,234.09944,12602,129,0.5155902004454342,0.49665924276169265,0.2560726385285787
803,0.034481,0.021720367,0.06132732,0.007872855,0.07363256,53.659878,73.01597,113.09377,53.659878,124.473145,12602,42,0.2806236080178174,0.9086859688195991,0.2549987351253218
316,0.03785745,0.027848713,0.051731043,0.008790379,0.06989162,52.958984,58.211914,78.123764,52.958984,163.92293,12602,38,0.2884187082405345,0.8741648106904232,0.25212548548866326
90,0.03714153,0.03837425,0.04689121,0.00837508,0.07106941,53.010174,62.13175,53.010174,96.637985,178.21104,12602,36,0.28507795100222716,0.8808463251670379,0.2511098655264607
933,0.023921361,0.017710976,0.022963285,0.0096014375,0.037592854,29.9095,43.217064,29.9095,38.619625,195.69623,12602,270,0.6024498886414253,0.41648106904231624,0.2509089736658052
390,0.030142149,0.021863347,0.036066495,0.008133721,0.051839627,44.50626,57.260303,44.50626,51.993103,101.21655,12602,63,0.3708240534521158,0.6737193763919822,0.24983135004290652
990,0.025142923,0.017109089,0.044126485,0.007866701,0.05359136,46.195133,78.81626,99.97674,46.195133,95.675156,12602,115,0.3485523385300668,0.7160356347438752,0.24957589496083846
643,0.02092925,0.014924851,0.020165388,0.006005863,0.03267151,19.799253,54.320545,28.081753,45.65094,19.799253,12602,210,0.7917594654788418,0.3129175946547884,0.24775546748280017
971,0.031881265,0.028976712,0.037595794,0.009203077,0.057179615,49.213783,68.104546,49.213783,88.742645,131.54343,12602,37,0.3184855233853007,0.7672605790645879,0.24436138709629415
830,0.017004749,0.014640928,0.027996192,0.007248559,0.035879035,29.65521,58.801514,53.075485,29.65521,166.97397,12602,186,0.60913140311804,0.3897550111358574,0.23741201680547214
847,0.026261147,0.041077726,0.05296236,0.009759248,0.07198638,55.125576,118.62367,55.125576,58.431767,234.03738,12602,43,0.2661469933184855,0.888641425389755,0.23650924350573657
724,0.019737002,0.019079829,0.041972723,0.008638377,0.050152753,44.920513,93.874,85.241486,44.920513,243.24347,12602,119,0.36525612472160357,0.6447661469933185,0.23550478420245932
616,0.0434111,0.036511794,0.077428155,0.007930124,0.09598309,60.10076,70.016365,60.10076,61.498623,228.92178,12602,38,0.23942093541202672,0.9766146993318485,0.2338220048511664
436,0.026169444,0.023286738,0.047873694,0.008940023,0.05932118,51.580433,84.12766,80.75322,51.580433,185.91476,12602,123,0.2973273942093541,0.7828507795100222,0.23276298232647655
861,0.01714247,0.017028218,0.032838747,0.006970019,0.04077018,36.06607,108.78304,96.90197,66.11475,36.06607,12602,191,0.4922048997772828,0.47216035634743875,0.23239964087479723
807,0.022539789,0.014184873,0.023545837,0.008523649,0.035547983,29.602655,29.602655,83.698494,31.011326,178.86674,12602,372,0.6124721603563474,0.37639198218262804,0.23052961046820203
896,0.022509633,0.021127691,0.04222444,0.008984789,0.052306466,47.383133,113.574036,103.167984,47.383133,295.62253,12602,82,0.33630289532293983,0.6848552338530066,0.23031879802183516
130,0.02927862,0.031668104,0.030307882,0.009663998,0.05271313,48.54081,54.498627,48.54081,60.220028,160.3013,12602,104,0.3307349665924276,0.6959910913140311,0.23018859033437333
136,0.0131949885,0.016516814,0.04311682,0.009941575,0.048020545,44.12661,298.36072,105.95384,44.12661,153.71431,12602,151,0.37639198218262804,0.6057906458797327,0.2280147419903671
146,0.021711683,0.016805938,0.023387479,0.009750496,0.036066756,31.162525,43.987995,31.162525,36.044975,200.15016,12602,328,0.576837416481069,0.39420935412026725,0.2273947053834058
696,0.020153085,0.018090663,0.03384329,0.006631694,0.04334498,40.16841,76.3314,63.20957,68.62824,40.16841,12602,151,0.43207126948775054,0.5211581291759465,0.2251774544769123
812,0.02205182,0.017036539,0.02499978,0.010311112,0.03743682,33.925087,48.32404,33.925087,50.52501,191.28114,12602,302,0.5311804008908686,0.4142538975501113,0.22004355137127293
215,0.011720888,0.013624902,0.037633058,0.008155731,0.041704487,38.827164,212.8795,96.874466,92.523346,38.827164,12602,141,0.44877505567928727,0.4899777282850779,0.21988978229274653
682,0.02350273,0.022213137,0.035075016,0.0075255185,0.047708053,45.21488,58.423687,50.368202,45.21488,251.45514,12602,91,0.3619153674832962,0.6024498886414253,0.21803587283793235
588,0.02155411,0.016523892,0.022287821,0.009517111,0.03513354,30.16512,40.47177,30.16512,38.888237,214.1734,12602,358,0.6002227171492205,0.36302895322939865,0.21789822471118694
523,0.019152697,0.015320333,0.018746173,0.0064760656,0.03087001,16.533213,16.533213,19.842484,25.712551,26.520193,12602,244,0.8396436525612472,0.25835189309576834,0.2169235271650438
980,0.021313317,0.015637374,0.020563297,0.008191617,0.033490807,26.91361,40.578724,26.91361,38.643635,203.11263,12602,339,0.6592427616926503,0.3273942093541203,0.21583226273679196
759,0.027565323,0.03042545,0.027948467,0.0097132195,0.0496656,46.817394,51.491405,46.817394,51.905178,97.65109,12602,92,0.3396436525612472,0.6314031180400891,0.21445206124969615
853,0.03390433,0.019705772,0.025721893,0.010077558,0.046898153,45.144604,45.144604,74.62242,46.922268,131.0951,12602,80,0.3641425389755011,0.5868596881959911,0.2137005768820591
98,0.012153882,0.010802586,0.025291933,0.005870926,0.030068165,12.344537,52.97819,32.836937,125.98758,12.344537,12602,356,0.9064587973273942,0.23385300668151446,0.21197811518792067
909,0.015328515,0.015585298,0.024782047,0.006288283,0.033045646,27.327555,27.327555,40.586617,41.699066,239.43843,12602,152,0.6547884187082406,0.32293986636971045,0.2114572844380732
6,0.02159594,0.02055969,0.040745363,0.00854651,0.050490297,48.997852,128.79356,94.02009,48.997852,227.6504,12602,100,0.32293986636971045,0.653674832962138,0.21109766320603565
549,0.021690702,0.021162169,0.03352433,0.0078051323,0.04519076,43.654842,50.72176,45.220116,43.654842,249.4807,12602,126,0.38084632516703787,0.5523385300668151,0.21035609942411
798,0.02485474,0.024171496,0.040706933,0.007021577,0.053470306,51.710106,62.804253,58.475334,51.710106,250.24583,12602,108,0.29398663697104677,0.7138084632516704,0.2098501495528296
829,0.013450373,0.014502997,0.025116047,0.007673131,0.031969756,24.570494,75.049835,79.717995,139.15648,24.570494,12602,150,0.6915367483296213,0.2962138084632517,0.20484273391501032
405,0.021839596,0.016635098,0.025707413,0.0096893385,0.03761071,36.30948,38.040894,59.95825,36.30948,230.8761,12602,296,0.4899777282850779,0.4175946547884187,0.20461208029722072
492,0.024058202,0.023417406,0.06373541,0.007861877,0.07203732,61.160065,110.37761,93.72115,61.160065,187.40076,12602,91,0.22939866369710465,0.8908685968819599,0.2043640656544362
983,0.018898517,0.017651,0.031918984,0.009001539,0.041079596,41.04426,75.89815,83.042915,41.04426,197.00491,12602,210,0.4220489977728285,0.4821826280623608,0.2035046949171879
519,0.018890144,0.013906349,0.021443225,0.0066662147,0.031781062,24.132784,33.26142,42.61094,35.46256,24.132784,12602,387,0.6993318485523385,0.2884187082405345,0.2017003883909306
414,0.01792518,0.016513892,0.032335855,0.009370417,0.040492322,40.419224,80.58648,83.47177,40.419224,214.20944,12602,137,0.4276169265033407,0.4688195991091314,0.2004751960555751
578,0.021452494,0.015185953,0.024249932,0.008222697,0.035761457,34.36127,34.36127,58.832077,34.629436,206.90523,12602,349,0.5211581291759465,0.38307349665924273,0.19964186685581914
831,0.02037785,0.018584915,0.024839606,0.009433987,0.03711687,36.998974,62.151676,36.998974,62.977394,242.13786,12602,156,0.48106904231625836,0.40979955456570155,0.1971418792565513
781,0.019351527,0.015693089,0.019419866,0.0069557712,0.03158933,23.284866,23.284866,30.98178,48.0131,79.53988,12602,218,0.7126948775055679,0.27616926503340755,0.19682442051378712
17,0.021965548,0.015876243,0.036212996,0.009539404,0.045231864,45.71928,118.59598,156.7589,45.71928,298.2666,12602,144,0.35412026726057905,0.5545657015590201,0.19638295444963072
865,0.016566144,0.017964253,0.025524748,0.009113536,0.035336442,34.11395,34.11395,37.580574,42.142662,229.88783,12602,211,0.5267260579064588,0.3708240534521158,0.1953226918517269
777,0.020020938,0.014258186,0.0471811,0.008297494,0.05319953,54.231617,71.7865,101.755974,54.231617,261.74088,12602,69,0.27616926503340755,0.7071269487750557,0.19528672972852315
453,0.03480389,0.036841642,0.05247995,0.010232075,0.07295727,63.107536,101.08732,81.73206,63.107536,237.32562,12602,29,0.21714922048997773,0.898663697104677,0.19514412130892206
102,0.026663428,0.02421122,0.044831265,0.008577306,0.057506207,56.88393,61.791084,56.88393,65.89676,218.25394,12602,90,0.25278396436525613,0.7706013363028953,0.19479566073580984
287,0.016153958,0.014589232,0.024323776,0.0085789235,0.03264111,29.132627,93.648315,113.77204,29.132627,88.33749,12602,76,0.623608017817372,0.311804008908686,0.19444347994305586
107,0.02112246,0.015926145,0.020752558,0.0075939805,0.033622447,30.837543,44.26185,30.837543,37.277603,178.81927,12602,294,0.5857461024498886,0.33184855233853006,0.19437899613593182
883,0.02510747,0.0176849,0.02683339,0.009235362,0.040782,41.69538,45.9796,72.862495,41.69538,216.54755,12602,267,0.4053452115812917,0.4732739420935412,0.19183932619381847
223,0.027222143,0.01619408,0.02763281,0.006140504,0.0420341,43.30455,51.118023,75.21503,43.30455,51.350212,12602,256,0.3864142538975501,0.49554565701559017,0.19148590532785054
224,0.024614433,0.019444538,0.02935201,0.010399791,0.042959295,44.397194,69.02455,93.73831,44.397194,198.19653,12602,276,0.3730512249443207,0.510022271714922,0.19026443321213682
395,0.020592233,0.016024858,0.023954514,0.008218242,0.03542111,35.483856,36.02427,67.68209,35.483856,195.51411,12602,325,0.5077951002227171,0.3741648106904231,0.1899990575443574
947,0.016154418,0.017519047,0.026056603,0.0057047955,0.035310462,35.103195,35.103195,41.79826,58.891735,188.75262,12602,113,0.5111358574610245,0.36971046770601335,0.18897227692322954
612,0.020066313,0.02102741,0.034042753,0.0072730086,0.04476291,46.523136,47.083305,46.523136,55.28233,102.791954,12602,98,0.344097995545657,0.5478841870824053,0.1885258505662174
192,0.02150887,0.01604402,0.023813676,0.009244942,0.03587664,36.63997,36.63997,77.49802,47.02877,167.44968,12602,235,0.4844097995545657,0.388641425389755,0.18826171497165192
899,0.029360184,0.030362105,0.03154406,0.009420374,0.052715324,54.997303,68.08506,58.296017,54.997303,198.50195,12602,96,0.26948775055679286,0.6971046770601336,0.18786117132355493
84,0.0378587,0.02952022,0.04823094,0.009565759,0.06805107,63.211884,63.211884,87.13566,99.58206,237.1482,12602,40,0.21603563474387527,0.8685968819599109,0.18764787873076025
349,0.01981487,0.0123995785,0.021472303,0.007760473,0.03174017,26.950644,68.44596,52.44185,60.58622,26.950644,12602,465,0.6581291759465479,0.28507795100222716,0.1876181169736261
387,0.020168047,0.0144306505,0.022639418,0.0068555814,0.03357882,31.600517,33.042446,51.78897,31.600517,230.62163,12602,320,0.5657015590200445,0.3307349665924276,0.18709728622377864
704,0.025636557,0.020612335,0.03954385,0.008780496,0.05143751,53.782166,108.73302,76.24598,53.782166,196.88885,12602,63,0.2795100222717149,0.6681514476614699,0.18675502601673602
737,0.017547937,0.013532793,0.034448445,0.009227539,0.04096049,43.155415,70.959114,113.93724,43.155415,234.9594,12602,182,0.3897550111358574,0.47884187082405344,0.18663101869534374
604,0.024875863,0.021272322,0.037790522,0.009254117,0.04999444,51.876007,101.30024,80.42265,51.876007,168.08574,12602,64,0.29175946547884185,0.6391982182628062,0.18649213049538443
195,0.018776765,0.017261159,0.0318259,0.009631487,0.040784832,42.694046,117.26982,125.679146,42.694046,215.77588,12602,193,0.39309576837416477,0.4743875278396436,0.18647972976324517
928,0.019060438,0.016073145,0.019413374,0.00921626,0.031599455,26.175447,165.09271,200.92476,86.47253,26.175447,12602,120,0.6692650334075724,0.27728285077951004,0.1855757163902957
210,0.020134686,0.014536083,0.01958663,0.0071813855,0.03162814,26.265972,48.11039,26.265972,38.057484,43.99724,12602,271,0.665924276169265,0.27839643652561247,0.1853909454814212
672,0.018571926,0.01720372,0.03445389,0.008501672,0.04275459,45.448433,75.2889,98.87385,45.448433,231.77684,12602,173,0.3596881959910913,0.5044543429844098,0.1814462725879336
145,0.021650083,0.017486563,0.038419973,0.008716199,0.04744049,51.029446,177.48132,188.01892,51.029446,217.91841,12602,42,0.30512249443207123,0.5946547884187082,0.1814425523682918
458,0.026047748,0.024769248,0.052134518,0.009490615,0.06332463,62.9224,146.1007,141.01846,62.9224,210.94496,12602,36,0.21937639198218262,0.8262806236080178,0.18126646197191482
168,0.020229021,0.01396767,0.025213053,0.009119566,0.035213735,35.90595,44.366344,68.401146,35.90595,157.1686,12602,370,0.49443207126948774,0.366369710467706,0.1811449347969504
855,0.01806054,0.01334371,0.021087399,0.0059627453,0.030804481,23.70442,36.709084,43.585224,35.80267,23.70442,12602,353,0.7026726057906458,0.2561247216035635,0.17997182553657967
442,0.024556445,0.023335934,0.039891884,0.0084655825,0.05233495,55.912716,59.419373,55.925972,55.912716,201.57532,12602,112,0.26169265033407574,0.6870824053452116,0.17980441565270014
262,0.03282673,0.035772152,0.04151573,0.010452806,0.063881114,64.61555,65.45449,65.74461,64.61555,140.2827,12602,51,0.2149220489977728,0.8363028953229398,0.17973993184557613
45,0.016061775,0.017184004,0.024637433,0.0052943993,0.03406279,34.418205,34.697777,34.418205,49.34197,174.62326,12602,187,0.5189309576837416,0.34521158129175944,0.17914097648325156
926,0.014972582,0.012435286,0.023922918,0.0054727825,0.030840244,24.929995,77.29226,93.51557,24.929995,108.88885,12602,54,0.6870824053452116,0.2572383073496659,0.17674391496073927
273,0.021883475,0.02208708,0.036084183,0.00842124,0.04763186,51.627274,63.34809,51.627274,74.612076,252.08543,12602,99,0.2951002227171492,0.5979955456570155,0.17646861870724845
513,0.021299126,0.019977119,0.031351916,0.008383009,0.042844843,46.35265,57.500328,46.35265,64.535095,238.08147,12602,134,0.34743875278396436,0.5055679287305123,0.17565389060570136
631,0.016939953,0.012460204,0.020452224,0.0062356517,0.029334487,18.14353,61.267056,45.036415,67.77434,18.14353,12602,235,0.8140311804008908,0.2149220489977728,0.1749532492398351
270,0.019521197,0.014372035,0.019515852,0.0058748317,0.031120747,27.653881,45.214867,27.653881,37.95957,187.94739,12602,250,0.6525612472160356,0.26726057906458794,0.1744038968060674
731,0.019405222,0.014298968,0.024036152,0.0073669986,0.03404056,35.610943,35.610943,57.73278,39.38336,276.09842,12602,332,0.5022271714922049,0.344097995545657,0.17281536301903264
14,0.018170273,0.017343232,0.02619378,0.00833819,0.03629133,39.92282,39.92282,40.186516,61.45435,241.99738,12602,188,0.43429844097995546,0.3975501113585746,0.17265539357443663
172,0.033710107,0.028437907,0.033139203,0.008943119,0.055166047,60.712303,60.712303,64.48416,80.21387,216.7534,12602,43,0.23385300668151446,0.7383073496659243,0.17265539357443663
250,0.01728161,0.017411307,0.028006662,0.009921157,0.03723145,41.251152,41.251152,41.8538,74.48992,283.32642,12602,237,0.4153674832962138,0.4131403118040089,0.17160505156224423
719,0.015588359,0.013971289,0.022336917,0.008659482,0.030612607,24.328936,91.737236,24.328936,131.92314,182.72058,12602,130,0.6959910913140311,0.2461024498886414,0.1712851126730522
554,0.016049135,0.016105756,0.02060078,0.007376888,0.030681629,25.343243,39.030926,32.760086,45.755833,25.343243,12602,232,0.6804008908685969,0.24832962138084633,0.16896369561658922
925,0.017332269,0.013184707,0.017840799,0.0061158286,0.028152054,11.806583,41.674984,24.998028,34.960842,11.806583,12602,309,0.9175946547884186,0.18374164810690422,0.16860035416490987
151,0.017739838,0.013954149,0.022291806,0.004885649,0.031722937,30.624334,30.624334,70.31808,42.460667,229.33144,12602,224,0.5924276169265034,0.28396436525612473,0.16822833220073313
470,0.021804243,0.020824028,0.031013833,0.0074157207,0.043254167,49.05676,55.677998,49.05676,50.41671,270.83557,12602,106,0.32071269487750553,0.5178173719376392,0.16607060480850788
802,0.027008701,0.015946494,0.02468634,0.008456125,0.039914608,45.249897,68.76648,99.93797,45.249897,190.15143,12602,113,0.36080178173719374,0.4576837416481069,0.16513310945878243
13,0.031106522,0.026044626,0.037295777,0.00876598,0.055108197,62.13577,65.087944,77.2129,62.13577,226.79633,12602,71,0.22271714922048996,0.7360801781737193,0.16393767888056107
153,0.02435684,0.018100362,0.035535235,0.006301992,0.046729345,53.442066,53.442066,77.59819,62.53867,280.77945,12602,94,0.2817371937639198,0.5812917594654788,0.1637715090698955
725,0.019255476,0.014109054,0.019171542,0.00682769,0.030616773,26.819328,42.046207,26.819328,37.12566,90.10562,12602,297,0.6614699331848553,0.24721603563474387,0.16352597457353882
732,0.028906863,0.024959529,0.03525636,0.0074416124,0.051976874,60.09685,61.022236,84.78358,60.09685,191.36324,12602,88,0.24053452115812918,0.6781737193763919,0.1631241908522279
91,0.019131605,0.013583054,0.021490414,0.0067376625,0.031817537,32.204563,33.108963,52.84756,32.204563,290.7806,12602,365,0.5590200445434298,0.2906458797327394,0.16247687263456034
351,0.019489467,0.0145621,0.020933313,0.0068415888,0.032095134,33.32672,37.051083,53.167465,33.32672,58.348606,12602,399,0.5423162583518931,0.29955456570155903,0.16245331124349582
468,0.02048564,0.016087836,0.022762353,0.0097135175,0.034591973,38.64399,38.867172,62.251667,38.64399,228.94559,12602,340,0.4521158129175946,0.3574610244988864,0.16161378167767024
800,0.03399138,0.021744281,0.035022594,0.009969277,0.05343042,61.58545,79.28466,116.61793,61.58545,226.28142,12602,100,0.22717149220489977,0.710467706013363,0.1613980089384477
491,0.032132003,0.028614672,0.031843234,0.008838864,0.053528093,61.983593,61.983593,63.65667,76.25491,231.95871,12602,45,0.22494432071269488,0.7149220489977728,0.16081765467433196
260,0.01934974,0.013741383,0.023928426,0.0068116602,0.033701748,37.230347,37.230347,46.385414,37.69297,111.15677,12602,311,0.47884187082405344,0.3351893095768374,0.16050267607799562
240,0.0170968,0.0151145775,0.027532674,0.006242889,0.035760302,41.190926,133.47986,120.514496,70.67026,41.190926,12602,161,0.41870824053452116,0.3819599109131403,0.1599297622531634
2,0.027285513,0.022830285,0.03548932,0.0077274893,0.0502515,58.80733,58.80733,64.80462,62.43167,128.48045,12602,121,0.2461024498886414,0.6481069042316258,0.15950069692114618
526,0.019284928,0.018979957,0.04316715,0.009320707,0.050946545,60.632042,118.52092,118.26357,60.632042,304.79385,12602,152,0.2371937639198218,0.6614699331848553,0.15689654317190885
106,0.020142512,0.014852089,0.024859374,0.008858255,0.03527455,40.782276,40.782276,81.53431,50.97291,282.57974,12602,321,0.42538975501113585,0.3685968819599109,0.15679733731479506
920,0.023103906,0.02062883,0.036280125,0.008842918,0.04770311,55.962555,93.17245,78.06894,55.962555,201.96239,12602,70,0.26057906458797325,0.6013363028953229,0.1566956513112534
313,0.012645236,0.0143004395,0.026627023,0.007224389,0.03276283,36.314785,115.19127,100.97852,109.53516,36.314785,12602,158,0.4888641425389755,0.3195991091314031,0.15624054444174382
876,0.061224252,0.043354176,0.05350134,0.009618726,0.0921433,76.52009,80.25591,104.311295,76.52009,275.44846,12602,38,0.16146993318485522,0.9643652561247216,0.1557159934722546
272,0.01551784,0.014173713,0.027483346,0.0070284177,0.03459815,40.109997,77.16389,86.4123,72.34104,40.109997,12602,181,0.433184855233853,0.3585746102449888,0.15532909062951072
668,0.017557753,0.0137969535,0.021929163,0.0073510264,0.031297266,31.350435,31.350435,50.14931,39.121643,151.45782,12602,278,0.5723830734966592,0.2706013363028953,0.1548876245653543
477,0.018962143,0.018761141,0.02932092,0.0069878343,0.039639115,46.58588,46.58588,49.175133,67.08508,169.03886,12602,113,0.3418708240534521,0.4510022271714922,0.15418450305306022
663,0.0196437,0.013483994,0.020801686,0.0058398144,0.031629153,32.993755,32.993755,62.108036,36.269928,39.273533,12602,265,0.5501113585746102,0.2795100222717149,0.15376163808711266
576,0.024189288,0.030534029,0.044814434,0.009908949,0.059378296,69.18884,128.63852,69.18884,88.27474,233.65414,12602,53,0.1948775055679287,0.7850779510022271,0.15299403276769458
79,0.021090895,0.017350348,0.024111355,0.010578611,0.036431,43.741474,45.37546,79.14349,43.741474,143.45929,12602,307,0.3797327394209354,0.4020044543429844,0.1526542527070798
626,0.018208424,0.014806457,0.020888086,0.0101088565,0.03141799,32.64441,51.986847,71.36446,32.64441,126.84774,12602,98,0.5545657015590201,0.2728285077951002,0.15130133283069033
912,0.025513409,0.020051684,0.024944317,0.008918689,0.04092949,49.389675,49.389675,83.93355,99.54386,178.79088,12602,57,0.3173719376391982,0.4755011135857461,0.1509107097683047
392,0.018001962,0.013915621,0.022583436,0.008255898,0.03205818,35.550694,35.550694,71.99851,49.039005,66.30936,12602,272,0.5044543429844098,0.29844097995545654,0.15054984846305325
43,0.016579855,0.011380421,0.023302574,0.006649013,0.030780116,30.775038,111.593704,51.262714,137.16403,30.775038,12602,253,0.589086859688196,0.255011135857461,0.1502237092077916
298,0.0149856685,0.013356609,0.025733836,0.0071309083,0.032637395,36.705204,62.637527,65.9908,36.705204,198.93321,12602,246,0.4832962138084632,0.3106904231625835,0.15015550518102586
577,0.01642506,0.015231402,0.03269339,0.008090229,0.03963125,47.744003,91.37038,94.08195,47.744003,81.972664,12602,121,0.3329621380846325,0.44988864142538976,0.14979588394898832
664,0.019935638,0.0157953,0.02075756,0.009636051,0.032829825,37.831493,47.23545,64.21156,37.831493,233.31496,12602,323,0.46325167037861914,0.321826280623608,0.14908656207062465
31,0.016279463,0.01629328,0.021793086,0.009653306,0.031708524,34.20536,34.20536,39.66177,54.4027,223.5376,12602,225,0.5256124721603563,0.28285077951002224,0.14866989747074666
659,0.021725079,0.020842327,0.0324847,0.008562878,0.044290375,54.38206,63.859314,54.38206,76.37307,261.27185,12602,34,0.27394209354120264,0.5378619153674833,0.14734301913184952
324,0.017355511,0.01647129,0.022154363,0.008996757,0.032608785,37.5242,37.5242,42.286175,50.75102,198.60599,12602,310,0.47216035634743875,0.30957683741648107,0.14616990987147882
333,0.02379716,0.017294347,0.026209285,0.0073489635,0.039399568,48.87444,52.022266,85.716644,48.87444,253.90852,12602,166,0.32516703786191536,0.4443207126948775,0.14447845000768844
122,0.016698236,0.017182093,0.02374134,0.00865707,0.033729907,41.205452,41.205452,42.445362,66.116516,231.08173,12602,246,0.4175946547884187,0.3374164810690423,0.14090331893194974
365,0.020617263,0.020660136,0.048296317,0.009751297,0.056430906,70.42319,99.624054,97.46731,70.42319,269.5846,12602,96,0.18708240534521156,0.7527839643652561,0.14083263475875613
20,0.021934744,0.018009624,0.025894582,0.010438276,0.038418863,48.808277,48.808277,97.1811,56.961933,315.92178,12602,216,0.3262806236080178,0.4298440979955456,0.14024980034821255
419,0.021916414,0.02002125,0.039169256,0.010063554,0.049146824,61.607033,171.69524,160.93733,61.607033,177.7799,12602,40,0.2260579064587973,0.6202672605790646,0.14021631837143664
506,0.016562391,0.01641451,0.021945443,0.008757396,0.03202111,37.67168,40.38439,37.67168,52.82764,217.67192,12602,346,0.4688195991091314,0.2973273942093541,0.13939290975739208
854,0.027432086,0.020511353,0.032308124,0.007870522,0.04708556,60.677364,82.8991,110.90654,60.677364,204.30449,12602,124,0.23608017817371937,0.5902004454342984,0.1393346263163377
845,0.01427106,0.015472592,0.020933397,0.0077114943,0.029686214,29.635752,29.635752,32.704247,55.76297,49.254547,12602,357,0.6102449888641425,0.22828507795100222,0.13930982485205926
652,0.015117246,0.015579551,0.02092318,0.0059212917,0.030150173,31.067759,33.8125,31.067759,48.030342,89.87929,12602,266,0.5801781737193764,0.23830734966592426,0.13826072291308078
914,0.021188237,0.016117303,0.02369566,0.009245671,0.03563977,45.20033,45.20033,85.076195,48.021446,155.60735,12602,191,0.36302895322939865,0.3797327394209354,0.13785397889891418
276,0.016077857,0.012129756,0.017459631,0.0062106615,0.02665459,11.080143,44.66836,35.788784,53.55634,11.080143,12602,244,0.9298440979955456,0.14810690423162584,0.13771633077216877
787,0.018113056,0.0131001,0.021031527,0.0071423166,0.030692354,32.99991,32.99991,57.606678,44.353146,97.861496,12602,256,0.5489977728285078,0.24944320712694876,0.13694376515989504
409,0.02190314,0.019983398,0.036486164,0.0077276896,0.047014084,60.79168,80.85376,61.131855,60.79168,196.62166,12602,170,0.23162583518930957,0.589086859688196,0.13644773587432601
379,0.019493807,0.014689147,0.024657134,0.009758597,0.034695156,43.876984,60.606216,121.97475,43.876984,140.71786,12602,142,0.37861915367483295,0.3596881959910913,0.13618484035297443
660,0.014437721,0.015941693,0.020455468,0.006332724,0.029681839,30.192394,30.192394,35.4133,46.99028,228.65994,12602,227,0.5991091314031181,0.22717149220489977,0.13610051537442772
424,0.019913577,0.014592299,0.022869432,0.0074031977,0.03365259,41.52816,41.52816,74.72476,59.05399,101.65883,12602,230,0.40868596881959907,0.3329621380846325,0.13607695398336314
726,0.02526729,0.026373314,0.034058347,0.009144739,0.049939547,64.82001,117.81374,64.82001,93.30417,166.7362,12602,53,0.21158129175946547,0.6380846325167038,0.13500677079974802
203,0.018426152,0.013718689,0.020984052,0.007150405,0.031113597,35.53419,35.53419,66.66598,40.470734,44.360218,12602,202,0.5055679287305123,0.2661469933184855,0.13455538414988022
969,0.015328069,0.0157948,0.021436108,0.008358538,0.03072348,33.796276,33.796276,36.195423,53.07493,260.4805,12602,251,0.5345211581291759,0.25167037861915365,0.1345231422463182
874,0.019040955,0.0133529175,0.02006107,0.006981278,0.03071327,34.065624,34.187416,50.16022,34.065624,183.10786,12602,350,0.5278396436525612,0.2505567928730512,0.13225380826483993
241,0.028568083,0.025533633,0.04604015,0.0077649634,0.059898224,76.06919,76.06919,81.99194,88.472435,319.72256,12602,47,0.16703786191536749,0.7906458797327394,0.13206779728275156
433,0.017452504,0.01645364,0.02846764,0.0060636937,0.037225243,49.60587,83.128235,56.84317,49.60587,220.03397,12602,201,0.31625835189309576,0.41202672605790647,0.13030689331898154
674,0.014767231,0.0139534,0.020345364,0.00659287,0.028752431,27.825552,98.26092,85.95269,72.230515,27.825552,12602,494,0.6503340757238307,0.19821826280623608,0.12890809073367693
508,0.01882004,0.016388739,0.01966965,0.008700369,0.03177546,39.11284,45.79224,39.11284,51.22784,161.26021,12602,507,0.4465478841870824,0.2873051224944321,0.12829549456599917
198,0.016249094,0.014966434,0.028206319,0.006189926,0.035827693,47.816776,105.62426,96.77446,59.12184,47.816776,12602,134,0.33184855233853006,0.3864142538975501,0.1282310107588752
447,0.015996635,0.012349874,0.020297658,0.0062186494,0.02864274,27.168993,27.168993,43.957584,37.07443,59.407906,12602,398,0.6570155902004454,0.1948775055679287,0.12803755933750327
923,0.019116575,0.014134655,0.019744849,0.008623984,0.030904546,36.443047,55.588856,113.7148,36.443047,167.51466,12602,496,0.48775055679287305,0.26057906458797325,0.12709758384134998
125,0.021436254,0.015522976,0.023697557,0.009466274,0.03552534,47.352707,47.352707,81.12574,62.78227,330.07825,12602,171,0.3374164810690423,0.3752783964365256,0.1266251159468455
994,0.015282333,0.015889836,0.020555345,0.008325063,0.03014231,34.253063,34.253063,34.657013,39.78043,66.45806,12602,219,0.5244988864142539,0.2371937639198218,0.12440786504035198
951,0.014670188,0.013520958,0.022024363,0.006706308,0.029717054,33.686554,139.80591,118.369354,175.47186,33.686554,12602,171,0.5378619153674833,0.22939866369710465,0.12338480463886586
628,0.02004648,0.017082486,0.029518075,0.0063753203,0.03955995,54.835033,96.58699,67.17492,54.835033,84.39803,12602,104,0.2717149220489978,0.44766146993318484,0.12163630140723508
563,0.01862643,0.0153462095,0.020552535,0.009625616,0.031699475,40.267937,58.32108,83.05004,40.267937,125.961716,12602,91,0.4298440979955456,0.2817371937639198,0.12110306992524837
711,0.012725732,0.013846071,0.019929418,0.00727019,0.027401455,21.129803,21.129803,26.935324,31.774755,158.7098,12602,208,0.7494432071269488,0.16146993318485522,0.12101254458063203
623,0.012017798,0.013968128,0.046343878,0.007247668,0.04987275,70.1796,261.1147,122.192116,80.73879,70.1796,12602,129,0.18930957683741648,0.6369710467706013,0.12058471932182876
74,0.01747467,0.01238035,0.017697642,0.0042483425,0.027782075,24.134369,42.82163,24.134369,37.877335,174.97734,12602,269,0.698218262806236,0.17260579064587972,0.12051651529506299
162,0.02268194,0.023349952,0.03356569,0.008466308,0.046758384,66.61906,94.58967,66.61906,91.60104,300.4106,12602,103,0.20601336302895323,0.5835189309576837,0.12021269735765198
851,0.018768575,0.017460207,0.046340536,0.01071162,0.052958127,75.41779,231.06729,246.18227,75.41779,122.96141,12602,33,0.17149220489977726,0.700445434298441,0.1201209319398217
710,0.015724331,0.016068997,0.020543085,0.008055387,0.030454649,36.161644,36.161644,37.345978,44.14717,158.16853,12602,297,0.4910913140311804,0.24387527839643652,0.11976503092742595
645,0.03521475,0.029024502,0.039338887,0.007408071,0.06024988,80.61939,94.82703,102.814514,80.61939,206.13057,12602,52,0.14922048997772827,0.7962138084632516,0.1188114146259195
642,0.028681118,0.024424994,0.04211059,0.0089171305,0.05650211,78.51731,78.51731,109.578896,90.6735,253.94016,12602,56,0.15701559020044542,0.7561247216035635,0.118723369427731
364,0.012485686,0.011974879,0.027553385,0.007788942,0.032534275,43.60212,167.55836,88.72922,193.0176,43.60212,12602,200,0.3819599109131403,0.30734966592427615,0.11739525101561996
358,0.02170865,0.02003324,0.026891744,0.008013077,0.039946992,56.48278,127.72846,56.48278,84.02745,188.90952,12602,63,0.255011135857461,0.4599109131403118,0.11728240435315299
533,0.02082076,0.0154504,0.021257633,0.009022606,0.033527687,45.60237,63.064785,85.260666,45.60237,199.2614,12602,248,0.35634743875278396,0.3285077951002227,0.11706291139428872
246,0.017963389,0.014245833,0.018333849,0.0075038346,0.0293557,33.56397,102.63438,71.68654,94.48859,33.56397,12602,208,0.5412026726057906,0.21603563474387527,0.11691906290147369
463,0.01454974,0.0136132175,0.023435367,0.006951639,0.03076087,38.154884,80.273476,95.61872,68.99065,38.154884,12602,157,0.4599109131403118,0.25389755011135856,0.11677025411580298
72,0.017521882,0.01619889,0.03054537,0.008328194,0.03876132,55.020718,118.58477,109.59861,55.020718,184.73697,12602,161,0.26837416481069043,0.43429844097995546,0.11655448137658048
832,0.013883325,0.015790418,0.01945483,0.0071348036,0.02864567,30.582397,35.47375,38.63916,50.715904,30.582397,12602,286,0.5946547884187082,0.19599109131403117,0.11654704093729693
694,0.02897099,0.02036309,0.029240726,0.009865292,0.04592378,66.98591,66.98591,111.69571,71.9961,158.44406,12602,108,0.20378619153674832,0.5668151447661469,0.11550909965724374
527,0.015532973,0.014023211,0.029235628,0.0064760577,0.035953384,51.748108,75.526245,79.9388,51.748108,237.94098,12602,160,0.2928730512249443,0.39198218262806234,0.11480101785209397
86,0.013450534,0.014952939,0.019137207,0.0056158,0.027762204,26.2641,26.2641,28.362888,37.465805,33.37264,12602,270,0.6670378619153674,0.17149220489977726,0.11439179369149952
431,0.014128867,0.013307653,0.021038257,0.0068287007,0.028623885,30.954212,64.75284,66.34816,51.83673,30.954212,12602,157,0.5812917594654788,0.19376391982182628,0.11263336987415737
819,0.016371176,0.015959509,0.033281837,0.006509854,0.040378235,60.223007,80.614716,96.815765,60.223007,68.725525,12602,186,0.23830734966592426,0.4665924276169265,0.11119240479957936
786,0.01986254,0.020749077,0.038394105,0.010909876,0.04794947,71.84825,232.95314,177.632,71.84825,183.5069,12602,35,0.18151447661469933,0.6046770601336303,0.10975764009107097
478,0.033238012,0.02366135,0.056566473,0.009123954,0.06974518,85.49394,133.70882,135.97392,85.49394,209.11287,12602,50,0.12583518930957682,0.8719376391982182,0.10972043789465329
602,0.022574125,0.02024296,0.028961904,0.009031773,0.041930422,62.750015,66.850716,62.750015,75.79867,162.30058,12602,86,0.22048997772828507,0.49443207126948774,0.10901731638235922
255,0.025097325,0.029988302,0.048885383,0.009219568,0.06260155,84.84727,95.30239,86.25459,84.84727,105.37771,12602,59,0.13363028953229397,0.8151447661469933,0.10892803111095677
149,0.013427271,0.014029228,0.018568492,0.006000732,0.026868192,23.536482,26.30612,23.536482,35.52485,102.10326,12602,339,0.7093541202672605,0.15256124721603562,0.108219949305807
254,0.013834387,0.014182933,0.019070186,0.0073908963,0.027499415,27.292784,27.292784,28.271132,34.356937,89.38469,12602,404,0.655902004454343,0.16481069042316257,0.10809966220405652
965,0.024684213,0.02035572,0.038113035,0.007621554,0.04976213,75.67627,93.58088,86.582306,75.67627,193.9092,12602,76,0.16926503340757237,0.6336302895322939,0.10725145212573349
551,0.018098753,0.015183108,0.020293873,0.009131721,0.031143745,42.45569,69.62566,96.04284,42.45569,157.244,12602,483,0.3953229398663697,0.26837416481069043,0.10609446381714376
871,0.012890516,0.014133147,0.018383099,0.0058020246,0.026530163,22.895079,22.895079,25.922523,31.502285,26.307777,12602,329,0.7216035634743875,0.14699331848552338,0.10607090242607922
399,0.015165693,0.012364402,0.017593268,0.0060601206,0.026313491,20.792168,36.4722,31.855768,68.279686,20.792168,12602,291,0.7616926503340757,0.13919821826280623,0.10602625979037802
150,0.015368805,0.011768154,0.017603884,0.006286834,0.0261646,20.592022,35.941387,38.84419,38.958523,20.592022,12602,255,0.7661469933184855,0.1358574610244989,0.10408678528380315
514,0.017835416,0.013048055,0.024907244,0.005728614,0.033297516,49.091663,84.75766,49.091663,105.10867,60.624886,12602,182,0.3195991091314031,0.32516703786191536,0.10392309561956538
730,0.015583512,0.01242397,0.016272802,0.00734409,0.025729457,16.077215,45.889706,31.014462,48.3619,16.077215,12602,354,0.8463251670378619,0.12138084632516703,0.10272766504134404
959,0.01910673,0.015985359,0.028434578,0.007410757,0.037803758,59.95961,105.05377,85.3367,59.95961,193.3326,12602,98,0.2416481069042316,0.42316258351893093,0.10225643722005345
600,0.0121470895,0.009429518,0.022776615,0.005329372,0.027481662,29.20167,60.240047,48.514362,152.66791,29.20167,12602,365,0.6202672605790646,0.16369710467706014,0.10153595468276447
537,0.027023448,0.024203956,0.04947312,0.009463839,0.061348904,86.920135,89.428,86.920135,102.97305,301.309,12602,58,0.12360801781737193,0.8051224944320713,0.0995195956369264
213,0.021998173,0.016528038,0.019877037,0.005249984,0.03394396,52.854675,66.43492,54.44468,60.559353,52.854675,12602,129,0.28953229398663693,0.3418708240534521,0.09898264393529792
723,0.022153204,0.016666185,0.02282626,0.009672699,0.035910506,58.08118,58.08118,102.97638,88.91205,299.39944,12602,196,0.24944320712694876,0.3908685968819599,0.09749951637144656
620,0.016428279,0.011964403,0.021246005,0.008741588,0.029401157,39.456493,64.72859,103.04289,39.456493,117.55305,12602,138,0.443207126948775,0.21826280623608016,0.09673563127167026
382,0.014168887,0.017707884,0.036427747,0.008673906,0.042910457,69.91001,178.79262,100.9588,69.91001,161.17632,12602,207,0.19042316258351893,0.5077951002227171,0.09669594892882476
502,0.017720496,0.016763398,0.03748837,0.008061896,0.04472589,73.8217,86.587036,111.01866,73.8217,201.45583,12602,152,0.17483296213808464,0.544543429844098,0.09520414085247593
976,0.02141598,0.019694734,0.039065447,0.009193452,0.048709713,79.77081,121.772316,103.73385,79.77081,262.88467,12602,76,0.15256124721603562,0.6146993318485523,0.0937792967296789
510,0.018244542,0.01688342,0.02480985,0.008844691,0.03512039,56.208057,77.34777,61.935707,56.208057,116.91167,12602,201,0.25835189309576834,0.3619153674832962,0.09350152032976025
970,0.01937724,0.017768303,0.030308193,0.0076680286,0.04012202,67.92776,82.974525,74.33332,67.92776,243.21028,12602,173,0.20044543429844097,0.46436525612472157,0.09307989543702659
65,0.019816307,0.013675617,0.019495262,0.009252331,0.030980214,45.668907,45.668907,116.59094,61.875237,179.22055,12602,432,0.3552338530066815,0.26169265033407574,0.09296208848170395
789,0.016146695,0.014803543,0.019935327,0.009657439,0.029618878,41.687416,41.687416,42.88792,74.679306,122.20335,12602,399,0.4064587973273942,0.2260579064587973,0.09188322478559133
58,0.01704488,0.015643436,0.028281413,0.009735218,0.036538795,62.943535,105.5856,104.99763,62.943535,199.37447,12602,59,0.21826280623608016,0.4042316258351893,0.08822872902416158
68,0.02698038,0.019657621,0.024797123,0.005853777,0.041584376,72.34552,72.34552,106.307655,119.98966,104.54577,12602,89,0.18040089086859687,0.48775055679287305,0.08799063496708845
54,0.019855669,0.0152089475,0.036260635,0.009960363,0.044049896,76.33301,121.785385,227.87277,76.33301,127.73306,12602,39,0.16481069042316257,0.5334075723830735,0.0879112702813974
860,0.018589616,0.016088942,0.031596065,0.0060057384,0.040034227,70.354385,81.28296,70.931915,70.354385,185.38013,12602,153,0.18819599109131402,0.4621380846325167,0.08697253485845804
673,0.0132337315,0.011919654,0.016316522,0.0091921035,0.024154475,7.418622,13.687534,12.048906,21.245316,7.418622,12602,111,0.9955456570155902,0.08685968819599109,0.08647278535324725
756,0.017524563,0.013781229,0.01679289,0.007295402,0.027911177,36.52539,48.512573,36.52539,49.388657,63.00528,12602,339,0.48552338530066813,0.17706013363028952,0.08596683548196685
303,0.015655061,0.014724692,0.024281533,0.0088231545,0.032426693,54.093754,84.67244,104.49295,54.093754,285.5701,12602,119,0.27728285077951004,0.30512249443207123,0.08460523509307989
77,0.018464645,0.016193043,0.023025861,0.009789835,0.033665236,57.02454,61.232166,57.02454,86.187935,277.29642,12602,264,0.25167037861915365,0.33407572383073497,0.08407696390394888
49,0.021296825,0.015824841,0.018200243,0.008877834,0.03217498,53.914177,63.52914,53.914177,77.5373,215.33975,12602,204,0.27839643652561247,0.30066815144766146,0.08370494193977213
51,0.017968666,0.015814055,0.021156806,0.009766246,0.031946328,53.42128,122.1927,53.42128,54.2848,105.19988,12602,215,0.28285077951002224,0.29398663697104677,0.0831543494327905
754,0.016626814,0.013813715,0.019215439,0.008146404,0.028922357,41.598618,41.598618,45.467033,48.00539,171.11002,12602,529,0.40757238307349664,0.20378619153674832,0.08305762372210454
769,0.011634804,0.011155645,0.018649718,0.01044787,0.024650134,16.99302,61.702667,308.06134,42.939556,16.99302,12602,37,0.8273942093541202,0.10022271714922049,0.0829236958150009
9,0.015668266,0.013372854,0.017004874,0.008645139,0.0267113,32.624294,36.905247,32.624294,56.503433,125.416306,12602,524,0.5556792873051225,0.14922048997772827,0.08291873552214522
700,0.017033638,0.018954825,0.04504898,0.009478238,0.051757514,87.0189,130.251,115.81908,87.0189,207.51964,12602,154,0.12249443207126948,0.6714922048997772,0.08225405627948272
217,0.0133600095,0.012983467,0.017772108,0.007782209,0.025747001,26.716234,58.003483,78.68099,73.90501,26.716234,12602,409,0.6625835189309577,0.12360801781737193,0.0819006354135148
461,0.015567041,0.015332841,0.027596552,0.0080087995,0.03519941,62.113403,116.160866,121.80659,62.113403,69.13639,12602,201,0.22383073496659242,0.36525612472160357,0.08175554684748587
18,0.020596256,0.019451957,0.035924908,0.009866328,0.045751322,81.156586,210.8844,188.2479,81.156586,193.90654,12602,39,0.14476614699331847,0.5645879732739421,0.08173322552963526
698,0.01913728,0.018318895,0.03869099,0.008614338,0.046891473,83.00414,129.33244,134.12817,83.00414,151.86536,12602,157,0.13808463251670378,0.5857461024498886,0.08088253530488439
356,0.02184565,0.01878288,0.032263927,0.0086025605,0.04325494,80.04,80.04,119.02484,84.55391,253.2882,12602,75,0.1514476614699332,0.5189309576837416,0.07859088000555553
622,0.016196368,0.014522736,0.018669061,0.009665216,0.028666463,42.57891,42.57891,47.02157,56.08409,112.03397,12602,518,0.39420935412026725,0.19710467706013363,0.07770050743795913
808,0.014512553,0.0118405,0.015761131,0.006533207,0.02447907,20.025303,169.68907,60.71489,84.10113,20.025303,12602,231,0.7839643652561247,0.09688195991091314,0.07595200420632833
251,0.017881062,0.014777827,0.03680691,0.008835732,0.043507073,81.53983,186.06613,268.78088,81.53983,144.31798,12602,36,0.14365256124721604,0.5244988864142539,0.07534560840472021
209,0.014783817,0.011530819,0.015850862,0.0061681704,0.024551393,20.505375,51.948093,43.46919,46.73568,20.505375,12602,266,0.7683741648106904,0.09799554565701558,0.07529724554937724
913,0.019206645,0.018192064,0.026969636,0.008173196,0.0377784,73.42861,111.30184,104.6245,73.42861,240.19708,12602,291,0.17817371937639198,0.4220489977728285,0.07519803969226344
40,0.020421034,0.013090308,0.016946284,0.005361511,0.029589718,48.706173,112.82989,71.064384,89.4321,48.706173,12602,167,0.32962138084632514,0.22494432071269488,0.0741464576068571
765,0.014874833,0.01178512,0.016687458,0.0063975053,0.025270952,26.889812,74.44467,53.77175,65.641304,26.889812,12602,344,0.6603563474387527,0.11135857461024498,0.0735363415856072
750,0.014771765,0.0113487495,0.025237871,0.0070638577,0.031367965,54.911495,118.35777,141.44005,144.29944,54.911495,12602,358,0.2706013363028953,0.2717149220489978,0.07352642099989583
165,0.026267512,0.018639352,0.025267877,0.008515512,0.04093743,79.35505,83.98605,79.35505,85.28029,237.3438,12602,133,0.15367483296213807,0.47772828507795095,0.07341481441064279
44,0.015743744,0.0134027125,0.016931776,0.007794987,0.026724206,36.5,36.5,38.755318,99.93728,187.9744,12602,301,0.48663697104677056,0.15033407572383073,0.07315811925536082
311,0.026048092,0.023448544,0.043462414,0.008582751,0.055832952,95.48642,155.3537,135.71982,95.48642,108.3636,12602,40,0.09688195991091314,0.7472160356347438,0.07239175400915669
53,0.016328866,0.013865506,0.018137116,0.008179544,0.028068472,42.425095,42.841026,42.425095,54.67223,179.46599,12602,480,0.39643652561247217,0.18151447661469933,0.07195896845749773
462,0.021774635,0.020270448,0.031758234,0.0072530787,0.043515645,83.90737,91.1953,101.364784,83.90737,216.76114,12602,93,0.1358574610244989,0.5267260579064588,0.07155966488261467
386,0.015485996,0.0135001745,0.018590271,0.009141477,0.027706841,41.18535,41.18535,41.71403,74.0741,241.76793,12602,406,0.4198218262806236,0.16926503340757237,0.0710611554506178
374,0.041833848,0.027407913,0.04500657,0.008567675,0.06728191,98.041,100.82421,104.508026,98.041,134.51341,12602,43,0.08240534521158129,0.8596881959910913,0.07084290256496742
709,0.02289306,0.016867893,0.022765324,0.009016714,0.036426336,73.68545,80.304085,98.24744,73.68545,84.43102,12602,74,0.17594654788418707,0.40089086859688194,0.07053536440791464
187,0.015790151,0.013667312,0.017676074,0.009447917,0.027359968,39.582516,46.045288,39.582516,60.83618,133.70232,12602,447,0.43875278396436523,0.16035634743875277,0.07035679386510979
143,0.019143226,0.015320974,0.034568407,0.008883437,0.042381246,82.95988,215.52945,231.54254,82.95988,189.7413,12602,80,0.13919821826280623,0.5011135857461024,0.06975411828314343
481,0.0143170655,0.009979096,0.016636146,0.0070035034,0.024110623,18.13701,59.706448,33.302063,48.776855,18.13701,12602,629,0.8151447661469933,0.08463251670378619,0.0689877530369393
199,0.014868433,0.011839409,0.022669144,0.0076419422,0.029582629,50.781322,172.06886,113.673195,76.046196,50.781322,12602,183,0.30734966592427615,0.22383073496659242,0.06879430161556738
499,0.016963992,0.016166607,0.029479152,0.0077452245,0.03765842,76.36268,108.98378,113.506256,76.36268,162.03532,12602,222,0.16369710467706014,0.4198218262806236,0.06872361744237379
133,0.021857325,0.017884718,0.023298554,0.0074617974,0.036611862,75.77638,75.77638,102.93493,83.61723,156.53346,12602,74,0.16815144766146992,0.4053452115812917,0.06815938413003902
636,0.012945577,0.011883071,0.015475828,0.009164008,0.023415733,7.392858,13.490312,12.13226,19.626812,7.392858,12602,112,0.997772828507795,0.06792873051224944,0.0677774415801509
238,0.02399218,0.0170686,0.038702495,0.0071552256,0.04862967,90.8572,145.16528,154.06314,90.8572,236.35019,12602,118,0.11024498886414254,0.611358574610245,0.06739921924990451
721,0.02315641,0.015680786,0.01966321,0.009833298,0.03418696,69.83497,78.18396,69.83497,88.499756,157.37102,12602,249,0.19265033407572382,0.34966592427616927,0.06736325712670076
893,0.014114184,0.012878087,0.021620985,0.007338658,0.028853463,47.715424,71.67899,78.92017,47.715424,223.39967,12602,203,0.33407572383073497,0.20155902004454343,0.06733597551599446
420,0.015892409,0.01821349,0.029216584,0.009727315,0.037919767,78.24656,143.94652,100.846085,78.24656,213.01308,12602,128,0.15812917594654788,0.42538975501113585,0.0672665314160148
638,0.012069281,0.011941304,0.016846836,0.01090858,0.023918156,15.862143,55.85167,148.20163,35.140465,15.862143,12602,38,0.8507795100222717,0.07906458797327394,0.0672665314160148
956,0.019583033,0.015731623,0.03101688,0.008428521,0.03991273,80.64803,185.87923,150.76514,80.64803,118.95606,12602,150,0.14699331848552338,0.45657015590200445,0.0671127623374884
852,0.01175051,0.0122468425,0.019800648,0.00665981,0.026079213,35.893406,127.58767,82.15209,191.67403,35.893406,12602,193,0.49554565701559017,0.13251670378619154,0.06566807704326863
88,0.02035988,0.016606895,0.023375195,0.008370234,0.035166934,72.99123,74.669685,72.99123,89.24969,271.1433,12602,196,0.1792873051224944,0.3641425389755011,0.06528613449338047
328,0.019110762,0.015640937,0.035628963,0.007470272,0.0433507,85.78201,115.54322,85.78201,120.15285,205.34047,12602,117,0.12472160356347438,0.5233853006681515,0.06527745398088303
118,0.02124934,0.019447427,0.036003325,0.009298913,0.046108313,89.22572,136.20049,152.06502,89.22572,297.0914,12602,138,0.11469933184855233,0.5690423162583519,0.06526877346838557
415,0.012504898,0.010517438,0.018083071,0.007890461,0.024371838,23.085777,78.90121,59.715244,81.89911,23.085777,12602,352,0.7182628062360802,0.09020044543429843,0.06478762506138362
816,0.014867112,0.018605372,0.022049692,0.0077375136,0.032455813,65.61529,236.99487,147.8869,215.57835,65.61529,12602,80,0.20935412026726058,0.3062360801781737,0.06411178515979583
957,0.01729455,0.014285128,0.018571926,0.010260288,0.02912186,51.247875,57.26957,51.247875,57.196285,182.27092,12602,380,0.3028953229398664,0.21158129175946547,0.06408698369551738
505,0.019526985,0.015353226,0.019685453,0.008706379,0.031694505,61.325737,61.325737,80.77579,98.927864,262.5811,12602,145,0.22828507795100222,0.2806236080178174,0.06406218223123894
166,0.029326832,0.021264823,0.042065937,0.008413887,0.055513952,97.48458,119.925125,130.29016,97.48458,252.35281,12602,65,0.08574610244988863,0.744988864142539,0.0638798914687923
629,0.01740119,0.015147429,0.025151959,0.008823443,0.03413015,71.46822,98.466705,109.42465,71.46822,287.70377,12602,192,0.18374164810690422,0.34743875278396436,0.06383896905273287
565,0.017614914,0.013363457,0.031468257,0.0067469194,0.03845931,80.644165,123.41637,145.54735,111.48931,80.644165,12602,181,0.14810690423162584,0.4309576837416481,0.06382780839380757
242,0.015523481,0.01327633,0.018155212,0.0062077125,0.027328577,42.30156,98.160164,42.30156,58.244797,125.86717,12602,167,0.3997772828507795,0.15924276169265034,0.06366163858314194
127,0.014730359,0.01123977,0.022860736,0.007382612,0.029426675,52.995953,127.04169,67.273094,111.342896,52.995953,12602,288,0.2861915367483296,0.21937639198218262,0.06278366674768478
225,0.02128145,0.012861326,0.02123025,0.008885815,0.032696135,69.872284,76.60225,120.17205,69.872284,204.89003,12602,554,0.19153674832962136,0.3151447661469933,0.06036180376089404
993,0.017170858,0.013031031,0.020934483,0.009233464,0.030048274,56.383152,120.9715,82.056465,56.383152,177.25342,12602,330,0.2572383073496659,0.23273942093541203,0.05986949469496679
370,0.021598084,0.017503103,0.03596585,0.00958218,0.045457434,93.57881,137.8248,179.6386,93.57881,193.53659,12602,50,0.10690423162583518,0.5590200445434298,0.059761608325355514
801,0.014330848,0.013772008,0.016900966,0.008105167,0.026089923,39.855446,47.122437,39.855446,63.24166,187.13617,12602,483,0.4354120267260579,0.13363028953229397,0.05818423519724604
208,0.018127633,0.015112005,0.03737131,0.0076950793,0.04419953,93.566414,102.24669,93.566414,114.49002,192.36015,12602,130,0.10801781737193764,0.5356347438752783,0.057858095941984405
795,0.017624266,0.015649581,0.024288308,0.008792783,0.033844437,76.17759,117.738,131.32326,76.17759,285.31982,12602,442,0.16592427616926503,0.34075723830734966,0.05653989811558474
188,0.015203961,0.0127206175,0.01668063,0.00928958,0.025907874,39.682934,45.606388,39.682934,50.127674,141.29439,12602,427,0.4365256124721603,0.12917594654788417,0.05638860918348618
562,0.02372714,0.017860243,0.027544267,0.009947539,0.040504962,87.74208,133.34724,116.2811,87.74208,256.94263,12602,156,0.11915367483296213,0.46993318485523383,0.05599426590145882
735,0.016944341,0.014833736,0.021162704,0.009657953,0.030903243,64.76958,113.13619,64.76958,68.03614,113.02313,12602,180,0.21269487750556793,0.2594654788418708,0.05518697823919524
736,0.020404011,0.015011244,0.020714302,0.009842834,0.032722216,74.61236,90.90054,74.61236,78.53967,211.13538,12602,136,0.17371937639198218,0.3173719376391982,0.05513365509099657
389,0.018886507,0.015445192,0.019260652,0.008093768,0.03108419,65.69468,65.69468,91.991455,96.63163,283.04294,12602,120,0.20824053452115812,0.2639198218262806,0.054958804767833484
942,0.011952028,0.009210314,0.019187437,0.004695219,0.024409804,30.046589,86.87954,96.94882,30.046589,90.38216,12602,138,0.6013363028953229,0.09131403118040089,0.05491044191249051
176,0.020353125,0.01595314,0.032036986,0.006989936,0.041171845,89.518166,128.5184,89.518166,105.7317,242.77666,12602,111,0.11358574610244988,0.4832962138084632,0.054895561033923436
355,0.0134385675,0.012259721,0.01721964,0.007070438,0.02504819,34.6843,35.576878,34.6843,67.087975,120.83265,12602,525,0.5133630289532294,0.10690423162583518,0.05488068015535637
952,0.015926596,0.013824708,0.020531045,0.009620368,0.029433023,58.588333,72.54645,66.360176,58.588333,229.27608,12602,421,0.24721603563474387,0.22048997772828507,0.05450865819117961
960,0.02133256,0.016029373,0.020673843,0.008436394,0.033755396,76.97459,102.408485,110.313446,76.97459,110.10144,12602,151,0.16035634743875277,0.3396436525612472,0.05446401555547838
177,0.012834408,0.011421916,0.015531757,0.007717704,0.023160692,16.542303,65.297646,41.127853,45.89316,16.542303,12602,395,0.8385300668151447,0.06347438752783964,0.05322518241476976
589,0.01576735,0.013988534,0.019898858,0.01045757,0.028987117,56.43948,94.447945,56.43948,58.09413,112.667915,12602,207,0.2561247216035635,0.20601336302895323,0.0527651152524045
895,0.016505163,0.015958162,0.016388353,0.0066804034,0.028207472,53.312492,114.38036,69.22256,76.73577,53.312492,12602,254,0.28396436525612473,0.18485523385300667,0.05249229914534154
657,0.015359798,0.013469217,0.015990037,0.009453616,0.025942717,42.261456,49.380024,42.261456,64.552574,118.115364,12602,569,0.40089086859688194,0.13028953229398663,0.0522318837704178
489,0.009807532,0.009413158,0.019004973,0.007271746,0.023366304,19.973675,37.12509,31.976967,119.15869,19.973675,12602,176,0.7861915367483295,0.06570155902004454,0.05165400965272989
55,0.013884632,0.011973077,0.014771424,0.0061216503,0.023544269,21.597517,22.520893,21.597517,37.407093,37.67744,12602,451,0.7461024498886414,0.06904231625835189,0.05151264130634272
295,0.01892336,0.014866996,0.020426862,0.008201851,0.031565454,70.78113,79.60174,70.78113,78.03963,172.47159,12602,260,0.18485523385300667,0.2750556792873051,0.05084548191725239
656,0.015745742,0.012123318,0.015880752,0.0087075485,0.025438191,39.55313,39.55313,58.6168,47.161114,319.94412,12602,203,0.4420935412026726,0.11469933184855233,0.05070783379050698
856,0.019586746,0.015446466,0.03128037,0.0075471587,0.04000869,93.195175,126.14159,93.195175,132.6338,175.04451,12602,122,0.10913140311804008,0.4610244988864142,0.05031225043526569
378,0.01680159,0.01452373,0.02748653,0.009670065,0.035337538,84.50653,228.12611,248.12135,84.50653,217.23688,12602,85,0.13474387527839643,0.37193763919821826,0.05011631886746593
927,0.016845543,0.012574713,0.019884229,0.008181539,0.028935762,59.75121,97.07752,62.810207,59.75121,131.25772,12602,389,0.24276169265033407,0.20489977728285078,0.049741816756861325
476,0.017929455,0.016380884,0.017980136,0.009444446,0.03021728,66.95532,106.39913,79.93537,66.95532,166.06656,12602,296,0.20489977728285078,0.2416481069042316,0.04951364328549957
870,0.015231139,0.01303451,0.018732995,0.008613236,0.027437404,51.399147,96.02283,51.399147,60.625904,230.29456,12602,450,0.29955456570155903,0.16258351893095768,0.04870263540359423
614,0.0146348495,0.013293256,0.02285078,0.009904884,0.030216679,67.58615,272.09372,226.1483,106.75775,67.58615,12602,27,0.20155902004454343,0.24053452115812918,0.04848190237151601
156,0.013132468,0.014203926,0.026502294,0.009403531,0.03281135,80.505684,226.50075,124.77599,80.505684,142.63802,12602,245,0.15033407572383073,0.32071269487750553,0.04821404655730874
36,0.019525668,0.01385256,0.047094166,0.00977349,0.05282997,105.44115,128.36984,291.34244,105.44115,192.22528,12602,38,0.06904231625835189,0.698218262806236,0.0482066061180252
833,0.0134767825,0.011431157,0.016888797,0.0070001213,0.024444355,34.66206,42.12832,34.66206,50.881836,153.23419,12602,334,0.5144766146993318,0.09354120267260578,0.048124761285906315
937,0.017687093,0.014216955,0.018776746,0.008018455,0.029453713,64.691536,108.138626,131.35948,64.691536,122.80533,12602,388,0.21380846325167036,0.2216035634743875,0.04738071735755278
843,0.016758045,0.013020824,0.019178582,0.005810025,0.028604055,58.83987,118.44854,63.985558,58.83987,196.0499,12602,159,0.24498886414253895,0.19265033407572382,0.04719718652189225
569,0.013988204,0.0116749285,0.015272411,0.0070877085,0.023774363,28.317886,36.982147,28.317886,58.26705,97.51385,12602,481,0.6403118040089086,0.07349665924276169,0.047060778468360764
974,0.015339405,0.016158175,0.026928466,0.008603295,0.03495034,85.10611,195.98085,138.19536,85.10611,126.06888,12602,127,0.13028953229398663,0.36080178173719374,0.047008695393376015
712,0.020399867,0.026155608,0.027860694,0.011172777,0.043318454,96.63898,215.13933,96.63898,139.39247,155.73016,12602,62,0.09020044543429843,0.5200445434298441,0.04690824946304829
111,0.01620477,0.012922142,0.018296447,0.00807092,0.027646633,54.29733,63.77455,64.214386,99.62944,54.29733,12602,265,0.2750556792873051,0.16815144766146992,0.04625101065966934
435,0.01515905,0.013421404,0.015899213,0.00950298,0.025743268,43.912773,43.912773,44.932022,57.091263,122.69404,12602,556,0.3775055679287305,0.12249443207126948,0.046242330147171884
39,0.016137471,0.014766455,0.024970615,0.008417518,0.033196352,81.834335,95.536194,81.834335,105.950745,314.13034,12602,162,0.14253897550111358,0.3240534521158129,0.046190247072187135
859,0.01658951,0.012431846,0.018980602,0.0070315464,0.0281074,59.62115,145.97202,104.163414,59.62115,328.3424,12602,454,0.24387527839643652,0.18262806236080179,0.044538469551242306
901,0.01809379,0.013962366,0.017602323,0.008682386,0.028847437,62.234226,62.234226,78.14415,70.95919,179.01839,12602,311,0.2216035634743875,0.20044543429844097,0.04441942252270573
739,0.015297989,0.013128546,0.015972901,0.009250939,0.025720045,44.657566,50.8128,44.657566,52.001945,115.24442,12602,399,0.36748329621380843,0.12026726057906459,0.044196209344199676
680,0.01937897,0.01532124,0.03077426,0.010030877,0.039463148,94.272766,127.61571,94.272766,113.005066,192.66986,12602,137,0.09910913140311804,0.4454342984409799,0.044146606415642775
57,0.014709146,0.011831605,0.018063037,0.005604259,0.02612698,48.710804,86.24788,48.710804,51.596607,214.10928,12602,174,0.3273942093541203,0.13474387527839643,0.04411436451208079
904,0.017195415,0.024689015,0.029097874,0.009376598,0.041855894,96.96136,193.42648,96.96136,106.00208,124.47103,12602,57,0.08908685968819599,0.4922048997772828,0.04384898884430136
258,0.022145143,0.01569024,0.023644578,0.008393458,0.035995238,90.58939,144.20976,112.49893,90.58939,193.98648,12602,54,0.11135857461024498,0.39309576837416477,0.04377458445146601
772,0.016563091,0.013117496,0.028401816,0.00875704,0.0353987,88.427055,101.22295,136.57317,88.427055,227.87152,12602,282,0.11581291759465479,0.3730512249443207,0.04320415077306164
746,0.015325618,0.012744605,0.01722423,0.008114354,0.02634338,51.602016,76.03886,51.602016,62.782444,225.72098,12602,503,0.2962138084632517,0.14142538975501112,0.04189215331273158
991,0.015251337,0.013416252,0.02468587,0.008310935,0.0319686,82.05839,87.20343,86.437706,82.05839,186.3425,12602,312,0.14142538975501112,0.2951002227171492,0.04173466401456341
293,0.012753817,0.011244059,0.0145640215,0.0067484453,0.022387482,18.520645,68.15953,36.994343,44.961895,18.520645,12602,545,0.8084632516703786,0.05011135857461024,0.04051319189884971
862,0.014052205,0.01068987,0.018945547,0.004337728,0.025897328,50.354843,83.855354,50.354843,78.29693,79.80496,12602,281,0.311804008908686,0.12806236080178174,0.03993035748830611
570,0.015651876,0.011919417,0.016382512,0.004740505,0.025601571,47.51052,56.912586,47.51052,62.73102,53.47846,12602,221,0.3351893095768374,0.11804008908685969,0.039565775963412875
27,0.020700363,0.022048097,0.04130569,0.00977103,0.05119359,111.148384,152.6769,114.261536,111.148384,216.49074,12602,55,0.05902004454342984,0.665924276169265,0.039302880442061296
516,0.021910775,0.015323106,0.02346299,0.008627691,0.035572343,94.0205,127.688194,144.41582,94.0205,192.59431,12602,229,0.10244988864142539,0.3775055679287305,0.03867540339581649
880,0.0108278,0.011374654,0.02272287,0.0077029006,0.0276216,60.790897,122.05163,133.05061,159.27884,60.790897,12602,238,0.23273942093541203,0.16592427616926503,0.03861711995476213
689,0.008262853,0.008964526,0.019902637,0.0057608783,0.023339933,30.820654,278.11203,57.919262,132.24791,30.820654,12602,220,0.5879732739420935,0.06458797327394208,0.037976002103164166
561,0.017868334,0.0149444565,0.02169456,0.0086946525,0.03183187,85.21812,169.61353,187.08162,99.030045,85.21812,12602,119,0.12917594654788417,0.2928730512249443,0.03783215361034915
627,0.01355278,0.014963059,0.038359914,0.010293257,0.043348055,102.067955,256.98093,114.85782,102.067955,175.26732,12602,147,0.07238307349665923,0.5222717149220489,0.037803631926428924
582,0.0166761,0.013314876,0.018462176,0.009732972,0.02821755,67.49234,90.60295,67.49234,71.59253,295.22403,12602,302,0.20267260579064586,0.18596881959910913,0.03769078526396198
550,0.017616224,0.013585905,0.017540501,0.00882139,0.028329797,68.45674,79.03017,68.45674,103.99048,242.7998,12602,295,0.19821826280623608,0.18930957683741648,0.03752461545329636
418,0.015169613,0.0120209735,0.017791707,0.006125224,0.026290033,54.59525,71.639206,54.59525,62.19873,226.48003,12602,163,0.2728285077951002,0.13697104677060132,0.03736960630155604
154,0.0149055235,0.011063287,0.015547015,0.0052308072,0.024213232,41.15201,57.732258,41.15201,43.79134,58.439365,12602,305,0.420935412026726,0.08797327394209353,0.03703106631415518
858,0.016617816,0.014680884,0.01929556,0.0103564365,0.029393855,75.607506,75.607506,80.57254,99.529564,148.37321,12602,282,0.17037861915367483,0.21714922048997773,0.03699758433737928
369,0.014137194,0.012227226,0.0148091195,0.0077188085,0.023846915,37.15674,41.808147,37.15674,48.30167,80.51175,12602,386,0.47995545657015587,0.07683741648106904,0.03687853730884271
59,0.014431757,0.011364763,0.018878428,0.0063570705,0.026340624,55.782715,92.163345,55.782715,73.64665,201.3091,12602,333,0.26280623608017817,0.1403118040089087,0.03687481708920095
658,0.012570353,0.009940125,0.018019903,0.0058115236,0.024115074,40.26863,40.26863,78.72188,101.04663,330.51862,12602,303,0.4287305122494432,0.08574610244988863,0.036761970426733986
850,0.017691556,0.01487531,0.01881358,0.008162447,0.029802965,77.70935,90.939926,80.37421,77.70935,217.90851,12602,294,0.15924276169265034,0.2305122494432071,0.0367074072053214
815,0.012581324,0.010491812,0.014713642,0.005502535,0.022019517,14.911936,29.088821,25.329336,44.985107,14.911936,12602,506,0.866369710467706,0.042316258351893093,0.036661524496406264
637,0.010986654,0.008797552,0.021691993,0.004856399,0.025858192,52.960873,87.51584,52.960873,140.08195,71.132706,12602,381,0.2873051224944321,0.12694877505567928,0.03647303336789004
875,0.017349917,0.012818867,0.018326119,0.00829832,0.028305294,69.680664,100.41985,69.680664,75.25559,353.58844,12602,197,0.19376391982182628,0.18819599109131402,0.0364655929286065
796,0.013993859,0.012967138,0.01601288,0.0070519783,0.02490757,46.399986,112.39631,119.48246,80.616005,46.399986,12602,608,0.3463251670378619,0.10356347438752783,0.03586663756628191
907,0.017996162,0.018119505,0.027794015,0.008945776,0.037745006,97.59266,114.661995,114.44785,97.59266,160.1752,12602,165,0.08463251670378619,0.420935412026726,0.03562482328956701
592,0.015361043,0.011964585,0.030008316,0.0081227515,0.035771664,96.456894,98.68897,108.7035,96.456894,228.76167,12602,390,0.09131403118040089,0.3841870824053452,0.03508167122186894
318,0.012372558,0.011360342,0.015022634,0.0070981267,0.022534797,29.576935,32.192715,29.576935,55.787872,80.54662,12602,488,0.6135857461024499,0.05679287305122494,0.03484729738443757
930,0.020849722,0.017417071,0.031863917,0.01029097,0.041873313,104.14708,122.497536,104.14708,106.43404,219.17572,12602,104,0.07015590200445435,0.49331848552338525,0.034609203327364446
346,0.014366024,0.0112931505,0.015605155,0.007988743,0.024029957,41.36524,41.36524,56.39482,46.051235,327.70883,12602,127,0.4131403118040089,0.08351893095768374,0.034505037177394955
586,0.016719136,0.016010553,0.022476317,0.009013995,0.03226534,89.8646,151.76756,126.444626,89.8646,228.41734,12602,212,0.11247216035634744,0.3040089086859688,0.03419253872748647
248,0.014990159,0.013001246,0.015681617,0.008905839,0.02529131,51.28431,96.877686,79.1488,51.28431,180.3094,12602,397,0.3017817371937639,0.11247216035634744,0.03394204393827411
498,0.013014989,0.011667703,0.015086092,0.0073198127,0.023089293,33.289974,36.68452,33.289974,44.02708,53.979065,12602,565,0.5434298440979956,0.06236080178173719,0.03388872079007545
986,0.021727236,0.017361289,0.023487877,0.007946696,0.03640285,97.88576,110.80575,97.88576,126.455505,284.45364,12602,137,0.08351893095768374,0.3997772828507795,0.033388971284864656
297,0.014171219,0.011113702,0.013512104,0.0070598596,0.022514768,29.87893,96.302055,48.900608,45.849796,29.87893,12602,340,0.6035634743875278,0.05456570155902004,0.03293386441535508
785,0.013619449,0.013628675,0.024477867,0.008658545,0.031151183,87.44646,150.5105,138.81865,87.44646,114.406395,12602,246,0.12138084632516703,0.26948775055679286,0.03271065123684902
214,0.0182924,0.016649537,0.029971533,0.008548025,0.038860157,101.92102,157.31767,131.50745,101.92102,154.46059,12602,150,0.07349665924276169,0.4365256124721603,0.03208317419060421
958,0.016142787,0.012913632,0.016983833,0.006943206,0.026754478,65.132355,94.823135,71.34191,65.132355,74.338554,12602,270,0.210467706013363,0.1514476614699332,0.03187484189066522
542,0.013846066,0.011851695,0.014627182,0.007341423,0.023369439,37.360973,44.170166,37.360973,49.976868,158.54303,12602,389,0.4766146993318485,0.06681514476614699,0.03184508013353108
525,0.014409964,0.013405011,0.021178033,0.0070251734,0.028911078,79.14037,79.14037,90.32369,82.73938,277.3762,12602,209,0.15478841870824053,0.20267260579064586,0.031371372165812664
992,0.01788986,0.0136713255,0.021383042,0.009096845,0.031051354,88.1504,130.11237,200.10638,88.1504,89.33847,12602,134,0.11804008908685969,0.26280623608017817,0.03102167151948651
227,0.024850583,0.016670836,0.039707933,0.0055308575,0.049721103,119.79837,119.79837,159.74307,149.25854,230.73059,12602,114,0.04899777282850779,0.6325167037861915,0.030991909762352367
487,0.021610247,0.01547705,0.03286388,0.009758861,0.04226791,109.06197,149.4785,268.83472,109.06197,204.97551,12602,49,0.06124721603563474,0.4988864142538975,0.030555403991051628
766,0.012209945,0.010876334,0.014754824,0.0055939797,0.022024583,25.125473,31.803034,25.125473,59.402763,116.459175,12602,441,0.6848552338530066,0.044543429844097995,0.030505801062494727
310,0.022732293,0.021803781,0.027266651,0.008081252,0.04166092,107.96029,107.96029,111.21356,120.52193,186.83795,12602,71,0.06236080178173719,0.4888641425389755,0.030485959891071966
464,0.012392405,0.012280194,0.021569073,0.006631775,0.027741661,73.523674,170.17297,179.68596,143.88939,73.523674,12602,147,0.17706013363028952,0.17037861915367483,0.030167261075093873
814,0.019010942,0.015399813,0.027028814,0.00961698,0.036457196,100.92485,100.92485,141.51962,116.92177,146.25607,12602,205,0.07461024498886414,0.40311804008908686,0.030076735730477526
326,0.015793335,0.01486733,0.019434383,0.008401632,0.029123224,82.180824,104.196205,93.26336,82.180824,227.8766,12602,306,0.1403118040089087,0.21269487750556793,0.02984360196626009
308,0.014035089,0.012671918,0.016010186,0.0070998804,0.02477675,52.70809,69.153404,68.059425,52.70809,112.11115,12602,229,0.2906458797327394,0.10133630289532293,0.029452978903874483
164,0.020269219,0.014858218,0.045392912,0.012020094,0.051885687,122.6799,152.90932,325.86496,122.6799,219.57826,12602,38,0.043429844097995544,0.6748329621380846,0.029307890337845546
335,0.012984794,0.010907705,0.015633274,0.005899406,0.023064738,37.394363,52.52767,41.166954,75.191635,37.394363,12602,394,0.4755011135857461,0.06124721603563474,0.029123119428971084
722,0.014712393,0.012501105,0.018179948,0.0074996636,0.026518721,68.39346,112.12741,132.6016,68.39346,231.64302,12602,404,0.19933184855233851,0.14587973273942093,0.02907847679326987
762,0.014449399,0.012591678,0.016823279,0.009394621,0.025502121,57.68921,57.68921,60.413044,59.455738,222.52698,12602,359,0.2505567928730512,0.11581291759465479,0.02901771320578767
113,0.016765518,0.015139627,0.032077815,0.009876875,0.03923362,106.574646,277.81482,295.8869,106.574646,152.25423,12602,51,0.06570155902004454,0.44097995545657015,0.028973070570086457
494,0.014382369,0.013200831,0.023564095,0.009797031,0.030600345,88.28064,265.11234,256.61838,88.28064,166.06517,12602,97,0.11692650334075723,0.24498886414253895,0.0286456912416109
304,0.0152426865,0.012966207,0.018234242,0.008311376,0.027073042,71.622154,126.54091,71.622154,76.03824,122.69434,12602,262,0.18262806236080179,0.15367483296213807,0.02806533697749515
780,0.014520287,0.012439392,0.01611266,0.009841248,0.025003899,55.142616,85.491974,58.90205,55.142616,244.4365,12602,471,0.2650334075723831,0.10579064587973273,0.028038055366788855
114,0.017311588,0.014273394,0.017347816,0.010196958,0.028361375,80.83988,91.66221,85.71753,80.83988,183.30551,12602,402,0.14587973273942093,0.19153674832962136,0.02794132965610289
552,0.015672827,0.012099696,0.02540639,0.008190192,0.032210633,95.630905,95.630905,146.09917,102.89655,238.12517,12602,349,0.09242761692650334,0.3017817371937639,0.02789296680075991
585,0.015050295,0.014389305,0.027014736,0.005218199,0.034108058,98.556145,136.44135,157.97112,102.826416,98.556145,12602,138,0.07906458797327394,0.3463251670378619,0.027382056636623825
844,0.016685056,0.013656213,0.01728565,0.009916681,0.027634706,76.3806,90.75747,81.84363,76.3806,240.61174,12602,309,0.16258351893095768,0.16703786191536749,0.027157603384903844
774,0.016040063,0.012924271,0.016671421,0.007548403,0.026500126,70.71292,98.52002,76.11129,70.71292,71.31849,12602,274,0.18596881959910913,0.14476614699331847,0.026921989474258556
66,0.011958194,0.012398737,0.023439897,0.009147123,0.029088758,85.38097,154.69342,144.64641,85.38097,99.24683,12602,129,0.12806236080178174,0.20935412026726058,0.02681038288500553
905,0.014363663,0.01193967,0.015583256,0.008618003,0.024325058,51.464653,80.14734,51.464653,57.768272,102.73093,12602,387,0.29844097995545654,0.08908685968819599,0.02658716970649947
997,0.014616058,0.010443806,0.015539805,0.0046065687,0.023752637,44.47795,81.4049,48.357132,44.47795,63.012447,12602,272,0.37193763919821826,0.07126948775055679,0.026507805020808427
367,0.01417528,0.011972911,0.016207883,0.00846614,0.024637058,56.04708,65.96855,56.04708,59.994568,143.15591,12602,401,0.2594654788418708,0.09910913140311804,0.02571539823711192
826,0.011938748,0.010369373,0.014664584,0.005829968,0.021566354,21.986914,108.16488,43.634804,93.16471,21.986914,12602,302,0.7427616926503341,0.03340757238307349,0.024813865010590224
429,0.014655755,0.012857686,0.015506407,0.0086351605,0.02491104,60.71179,96.47582,62.82141,60.71179,127.85788,12602,402,0.23496659242761692,0.10467706013363029,0.024595612124939856
613,0.01526356,0.011367064,0.015324301,0.0071539516,0.024434006,55.263165,102.54983,107.534615,76.463036,55.263165,12602,605,0.2639198218262806,0.09242761692650334,0.024393480191070478
70,0.015652172,0.014353506,0.029190904,0.010358711,0.03609879,109.367874,176.86975,253.31564,109.367874,167.03606,12602,42,0.060133630289532294,0.3953229398663697,0.023772203510895283
160,0.01736962,0.016459443,0.0439562,0.010232201,0.050047625,129.57202,311.96426,319.09616,129.57202,186.9847,12602,38,0.036748329621380846,0.6403118040089086,0.023530389234180382
332,0.014417284,0.011062771,0.015435957,0.006600093,0.023843486,50.9096,50.9096,59.33309,66.76746,145.74774,12602,301,0.3062360801781737,0.0757238307349666,0.023189369100351687
454,0.013175746,0.010537031,0.015511386,0.0067458474,0.022917949,43.222332,77.65731,43.222332,56.998287,49.38867,12602,360,0.388641425389755,0.05902004454342984,0.022937634237925407
75,0.014145321,0.012162395,0.017525712,0.0079374565,0.025596183,68.9212,74.702736,68.9212,76.584404,95.540565,12602,139,0.19599109131403117,0.11692650334075723,0.022916552993288722
404,0.01010395,0.009683955,0.016397277,0.00662285,0.021557817,25.213816,195.07777,46.934822,87.608635,25.213816,12602,151,0.6837416481069042,0.03229398663697104,0.02208074364710492
319,0.012520612,0.010794618,0.014425728,0.0071966806,0.021940628,33.28973,35.997414,33.28973,49.320095,49.98939,12602,363,0.544543429844098,0.04008908685968819,0.021830248857892566
919,0.013008499,0.011817176,0.014683688,0.005936154,0.02290147,44.15311,59.046932,48.536774,44.15311,180.81229,12602,233,0.3752783964365256,0.05790645879732739,0.021731043000778764
73,0.014018253,0.01226266,0.015113713,0.009113527,0.02398559,55.06365,79.35729,62.390556,55.06365,113.04871,12602,499,0.26726057906458794,0.08017817371937638,0.02142846513658166
621,0.012225068,0.009694896,0.013629328,0.0053725615,0.020717189,10.530226,49.660778,33.516403,42.70701,10.530226,12602,539,0.9409799554565701,0.022271714922048998,0.020957237315291092
915,0.017664244,0.014274084,0.028837102,0.0076569407,0.036706313,119.12879,151.09636,190.70166,133.56816,119.12879,12602,225,0.051224944320712694,0.4064587973273942,0.020820829261759613
193,0.013061246,0.009921815,0.025217762,0.005591313,0.030082786,97.20943,106.04939,130.64864,170.31606,97.20943,12602,269,0.08685968819599109,0.23496659242761692,0.020409124954737325
665,0.012921077,0.011598238,0.013854805,0.0078065856,0.022213262,40.99659,44.3427,40.99659,46.48943,132.86392,12602,388,0.42316258351893093,0.04788418708240534,0.020262796315494463
152,0.012526798,0.010605103,0.013587587,0.0056253937,0.021307543,20.957064,33.808674,27.144234,34.861942,20.957064,12602,494,0.755011135857461,0.026726057906458794,0.020178471336947734
56,0.01818086,0.015875045,0.043116372,0.009897621,0.04941237,133.20792,214.9417,309.1354,133.20792,175.80269,12602,40,0.03229398663697104,0.6247216035634744,0.02017475111730596
610,0.014982852,0.013632693,0.029304503,0.009480007,0.035624288,118.06199,190.36119,264.311,118.06199,144.14804,12602,49,0.052338530066815145,0.37861915367483295,0.01981636995848235
194,0.011873355,0.009465956,0.016471548,0.0054350067,0.022402963,43.419308,103.6412,73.37912,102.53522,43.419308,12602,338,0.38530066815144765,0.051224944320712694,0.019737005272791305
282,0.013395917,0.01397845,0.02823366,0.008937122,0.0342343,115.5543,215.97334,214.35378,115.5543,210.38939,12602,167,0.05567928730512249,0.3507795100222717,0.01953115311928016
635,0.013403947,0.010526219,0.014094162,0.005917979,0.022115888,41.266426,90.45579,46.636826,41.266426,46.77092,12602,444,0.4142538975501113,0.04677060133630289,0.019374903894325918
528,0.013705776,0.010944184,0.014942046,0.007963228,0.023041012,49.018147,49.018147,53.524303,58.976143,294.23953,12602,320,0.321826280623608,0.060133630289532294,0.019352582576475316
317,0.018268235,0.014815873,0.020324547,0.008911441,0.03108578,104.12048,116.57883,143.46114,104.12048,230.36702,12602,575,0.07126948775055679,0.2650334075723831,0.01888879519446828
784,0.013567323,0.010486225,0.014603379,0.0062288214,0.022523139,46.9076,49.24314,46.9076,49.343334,68.60244,12602,256,0.33853006681514475,0.05567928730512249,0.018849112851622756
676,0.015805343,0.011742541,0.015761973,0.007933521,0.025221735,75.17704,116.91752,144.46817,75.17704,170.37778,12602,636,0.17260579064587972,0.10913140311804008,0.018836712119483533
327,0.0147431865,0.013850281,0.021160854,0.009940458,0.029274112,97.14852,106.324615,113.06866,97.14852,234.20789,12602,191,0.08797327394209353,0.21380846325167036,0.018809430508777234
887,0.012485596,0.011045147,0.013627323,0.006915987,0.021531126,29.678886,34.857258,29.678886,44.221226,36.87827,12602,548,0.6080178173719376,0.030066815144766147,0.01828115931964623
401,0.016663047,0.011746146,0.024348265,0.006554998,0.03175637,107.039696,118.90797,154.72684,132.38438,107.039696,12602,254,0.06347438752783964,0.2861915367483296,0.01816583251075143
948,0.015659893,0.0121369865,0.019477597,0.008559933,0.027783366,93.91911,109.58366,125.93865,93.91911,101.33626,12602,557,0.10356347438752783,0.17371937639198218,0.017990982187588354
964,0.016487118,0.014140294,0.02560244,0.00924494,0.033574663,116.780525,162.59195,181.91098,116.780525,244.23528,12602,166,0.05345211581291759,0.32962138084632514,0.017618960223411587
184,0.014941275,0.014112211,0.019040959,0.008317216,0.028017037,94.855644,136.94113,102.20102,94.855644,180.12697,12602,280,0.09799554565701558,0.17817371937639198,0.017460230852029503
357,0.0137201715,0.01623885,0.018312631,0.007211763,0.028058792,95.55031,179.25198,134.76564,172.35898,95.55031,12602,106,0.09465478841870824,0.18040089086859687,0.017075808155713513
973,0.011726,0.009870948,0.01381211,0.0051694014,0.020632718,16.074785,52.630154,36.530315,36.46377,16.074785,12602,440,0.8474387527839643,0.020044543429844096,0.016986522884311087
285,0.0154875275,0.013139201,0.02069682,0.008091497,0.028997594,98.51962,139.3636,187.97226,98.51962,101.141365,12602,124,0.08129175946547884,0.20712694877505566,0.01683771409864038
182,0.020525604,0.01574355,0.035594232,0.009778135,0.04400124,133.27669,150.82562,229.49706,133.27669,155.1328,12602,41,0.031180400890868595,0.532293986636971,0.016597139895139407
99,0.016334381,0.01351126,0.03110542,0.009783765,0.03764191,128.89697,174.879,219.23627,128.89697,135.38152,12602,37,0.03897550111358575,0.41870824053452116,0.01631936349522076
702,0.013174501,0.011547314,0.017557716,0.009160546,0.024802849,78.66884,78.66884,117.46729,94.65371,93.46835,12602,160,0.155902004454343,0.10244988864142539,0.015972142995322444
277,0.013306651,0.009603621,0.014721199,0.005527232,0.02204564,46.08645,46.08645,89.99048,102.83226,77.0733,12602,288,0.34966592427616927,0.045657015590200446,0.01596470255603891
247,0.014319273,0.0131238485,0.01670881,0.0101533355,0.0256215,84.88955,167.12282,111.82859,84.88955,179.38864,12602,394,0.13251670378619154,0.11915367483296213,0.01578985223287583
982,0.012478208,0.010703559,0.013169207,0.008792081,0.021064185,29.164665,36.89116,29.164665,38.346066,131.94366,12602,447,0.6224944320712694,0.024498886414253896,0.015250420384819517
186,0.016314797,0.012053589,0.019810027,0.0089906305,0.028353108,99.98773,128.45984,170.62679,99.98773,224.10434,12602,338,0.0757238307349666,0.19042316258351893,0.014419571331491412
872,0.015226003,0.0141045265,0.016470438,0.0077003264,0.026496114,94.08082,118.20686,137.16362,94.08082,219.10799,12602,662,0.10022271714922049,0.14365256124721604,0.014397250013640806
647,0.012564966,0.009873304,0.014557452,0.00612063,0.021616658,42.765575,93.81506,69.20946,79.23482,42.765575,12602,383,0.39198218262806234,0.035634743875278395,0.013968184681623601
455,0.018055303,0.014414201,0.021841438,0.009134593,0.031793263,120.5328,160.41417,176.87302,120.5328,153.55391,12602,115,0.045657015590200446,0.28953229398663693,0.01321918046041438
218,0.011864047,0.010143672,0.013034923,0.004955193,0.020336147,19.802055,44.0991,31.486567,48.71547,19.802055,12602,367,0.7906458797327394,0.016703786191536747,0.013206779728275156
718,0.010970312,0.008455868,0.01760925,0.005420421,0.022403909,58.49241,77.98029,58.49241,107.879036,192.386,12602,356,0.24832962138084633,0.052338530066815145,0.012997207355122246
903,0.012481922,0.01022809,0.014309274,0.005788471,0.021567743,44.19886,70.99139,44.19886,48.237343,198.30818,12602,392,0.3741648106904231,0.034521158129175944,0.012916602596217278
140,0.014959601,0.012431513,0.023020305,0.0108494535,0.03013746,116.60595,125.69223,154.90892,116.60595,216.54434,12602,426,0.05456570155902004,0.23608017817371937,0.012881880546227449
307,0.011209918,0.009982153,0.013257469,0.005659559,0.020026635,14.406741,58.217422,29.60457,40.103355,14.406741,12602,550,0.8741648106904232,0.014476614699331848,0.012654947148079623
112,0.014496338,0.0134964045,0.024914594,0.0077165584,0.03182819,123.308975,289.68048,123.308975,124.53069,223.38828,12602,84,0.04120267260579064,0.29175946547884185,0.012021269735765198
50,0.012806005,0.013790568,0.023584772,0.0067653754,0.030173084,119.68566,209.11719,168.90562,119.68566,161.82568,12602,132,0.05011135857461024,0.23942093541202672,0.01199770834470067
222,0.016321259,0.0120843565,0.035307977,0.00851548,0.040731665,141.63484,169.99045,318.61862,149.54878,141.63484,12602,44,0.024498886414253896,0.47104677060133626,0.011540121328763248
443,0.014162709,0.013086806,0.016016958,0.009908376,0.025067704,93.91216,152.87514,101.700294,93.91216,172.16055,12602,399,0.10467706013363029,0.10801781737193764,0.01130698756454581
767,0.014923106,0.012920141,0.016045436,0.00869793,0.02543787,95.51965,154.44144,95.51965,112.188644,197.78313,12602,284,0.09576837416481068,0.11358574610244988,0.010877922232528607
417,0.014560024,0.014972448,0.01760065,0.010249269,0.027312111,105.48427,206.60123,122.02055,105.48427,200.527,12602,340,0.06792873051224944,0.15812917594654788,0.010741514178997129
906,0.017765902,0.013709902,0.02792855,0.0077748243,0.03582726,134.50389,176.22255,210.12411,134.50389,254.59654,12602,246,0.027839643652561245,0.38530066815144765,0.010726633300430057
697,0.01450356,0.012079923,0.014858083,0.008134015,0.024021666,85.46962,164.0712,156.1549,85.46962,178.56067,12602,453,0.12694877505567928,0.08240534521158129,0.01046125763265063
147,0.017657803,0.021030024,0.020808816,0.010623391,0.034453835,133.54967,257.79044,133.54967,171.2212,186.62012,12602,80,0.028953229398663696,0.35412026726057905,0.010252925332711642
515,0.01422323,0.01139205,0.020979539,0.008987046,0.027788848,112.33185,112.33185,151.54167,113.58631,200.1378,12602,462,0.05790645879732739,0.17483296213808464,0.010123957718463698
138,0.01925359,0.0151613,0.029108118,0.009671294,0.038050603,142.65706,178.31017,289.95914,142.65706,199.74066,12602,49,0.023385300668151445,0.4287305122494432,0.010025991934563815
573,0.01485919,0.011905122,0.021958223,0.006761649,0.029063568,119.857864,142.59457,148.66045,119.857864,191.44887,12602,333,0.04788418708240534,0.20824053452115812,0.009971428713151223
894,0.015962332,0.01389935,0.028145213,0.0097279,0.035215635,135.97633,186.66634,235.3901,153.2812,135.97633,12602,36,0.026726057906458794,0.36748329621380843,0.009821379854266593
400,0.012583343,0.012819778,0.018539708,0.009302408,0.02581488,99.67147,166.02011,144.3973,109.75797,99.67147,12602,196,0.07683741648106904,0.12583518930957682,0.00966885084895412
93,0.011571751,0.010844915,0.012117122,0.0060677337,0.019958513,23.260387,26.102913,27.924145,33.004383,23.260387,12602,504,0.7138084632516704,0.013363028953229397,0.009538643161492253
191,0.012514661,0.014442872,0.018325564,0.008400437,0.026477152,105.89933,201.75029,105.89933,124.61827,138.93135,12602,121,0.06681514476614699,0.14253897550111358,0.009523762282925183
797,0.016222142,0.012560298,0.021645641,0.0072866837,0.029823694,124.87936,233.65721,283.31436,124.87936,213.79579,12602,89,0.04008908685968819,0.23162583518930957,0.009285668225852053
728,0.016893348,0.012732031,0.021640405,0.007964905,0.030262137,129.5234,170.62198,129.5234,143.91841,150.26987,12602,100,0.0378619153674833,0.24276169265033407,0.00919142266159394
824,0.01193334,0.010523916,0.013426966,0.005935653,0.020819241,43.454395,65.355225,43.454395,44.636517,139.83507,12602,526,0.3841870824053452,0.023385300668151445,0.008984330434868874
366,0.012265642,0.009761811,0.015464087,0.0053706537,0.02201992,68.90163,82.15676,76.808846,68.90163,193.52905,12602,296,0.19710467706013363,0.043429844097995544,0.008560225395707362
25,0.010553663,0.008550016,0.016868383,0.0064345207,0.021656983,60.863194,104.0518,115.93777,60.863194,110.22419,12602,444,0.2305122494432071,0.036748329621380846,0.008470940124304938
828,0.012511675,0.009790512,0.012736954,0.0055273958,0.020362372,37.926304,64.9995,37.926304,43.526306,108.39846,12602,462,0.4621380846325167,0.017817371937639197,0.008234086140445731
779,0.012480996,0.010401011,0.01469034,0.007244417,0.02190348,66.52592,174.82089,98.23158,119.15287,66.52592,12602,404,0.20712694877505566,0.03897550111358575,0.0080728766226358
448,0.008932807,0.009253058,0.020008497,0.006991007,0.023785586,93.79477,93.79477,126.25158,168.00021,105.28413,12602,246,0.10579064587973273,0.07461024498886414,0.007893066006617029
548,0.014442213,0.010825061,0.023386657,0.0066465805,0.029541414,130.65329,153.91779,130.65329,136.90282,146.68991,12602,342,0.034521158129175944,0.22271714922048996,0.007688453926319809
37,0.013356389,0.012296502,0.021363482,0.008965874,0.028035609,123.040855,207.62468,123.040855,142.29877,256.4434,12602,111,0.042316258351893093,0.1792873051224944,0.00758676792277816
998,0.011433945,0.009462682,0.01386181,0.0048737805,0.020308305,38.357533,65.97946,39.492905,38.357533,51.90488,12602,403,0.45545657015590196,0.015590200445434297,0.00710065922292052
511,0.013365863,0.010789787,0.019203434,0.0070558307,0.025765046,113.39174,155.10345,137.7551,113.39174,309.44247,12602,380,0.05679287305122494,0.12472160356347438,0.007083298197925605
181,0.020616041,0.013086608,0.024203064,0.008609685,0.034381226,147.24821,147.24821,293.34543,214.79347,165.97232,12602,32,0.020044543429844096,0.3530066815144766,0.00707585775864207
460,0.010677293,0.011835572,0.024370985,0.009083402,0.02912096,132.46675,132.46675,282.6062,161.18016,171.0459,12602,221,0.03340757238307349,0.210467706013363,0.007031215122940857
886,0.01838388,0.015857339,0.03828411,0.009622994,0.045333162,161.69188,239.8245,285.37332,161.69188,185.40744,12602,40,0.012249443207126948,0.5567928730512249,0.006820402676574025
450,0.013613006,0.012025069,0.01531124,0.009103661,0.023756059,95.59663,180.50664,98.84481,95.59663,242.6547,12602,351,0.09354120267260578,0.07238307349665923,0.006770799748017121
776,0.020878652,0.014412638,0.022867477,0.009755,0.034154996,153.7318,153.7318,267.49847,227.29947,200.37672,12602,31,0.017817371937639197,0.3485523385300668,0.00621028665532413
888,0.011503064,0.010155327,0.012571189,0.0059925984,0.01983648,24.750332,29.000498,24.750332,33.724743,305.8105,12602,461,0.6893095768374164,0.008908685968819599,0.006140842555344467
267,0.012111664,0.009095169,0.01372402,0.005888756,0.020439256,50.54775,126.91797,83.0963,50.54775,88.6655,12602,628,0.3084632516703786,0.01893095768374165,0.0058395047643612875
321,0.011569221,0.010197436,0.012355146,0.005489109,0.019760674,24.390093,28.267551,25.756853,34.149784,24.390093,12602,603,0.6937639198218263,0.007795100222717149,0.00540795928591624
422,0.012708036,0.009858795,0.012954165,0.006553702,0.020651888,56.632706,118.80347,133.71677,56.632706,207.18846,12602,634,0.25389755011135856,0.021158129175946547,0.005371997162712486
347,0.012036064,0.011196666,0.017510543,0.007209226,0.024017727,106.706604,296.62738,106.706604,163.41394,108.79332,12602,137,0.06458797327394208,0.08129175946547884,0.005250469987748076
609,0.014409415,0.011666779,0.019878814,0.00773002,0.02718294,133.43074,179.0598,207.56236,133.43074,140.7773,12602,99,0.030066815144766147,0.15701559020044542,0.004720958725403147
788,0.012642725,0.014434017,0.017503005,0.008581066,0.025971802,129.99345,150.29625,129.99345,131.10692,184.97876,12602,91,0.035634743875278395,0.13140311804008908,0.004682516455771548
827,0.013708071,0.014865875,0.0257579,0.006961932,0.032747135,159.19055,194.16606,215.16824,159.19055,189.44864,12602,144,0.014476614699331848,0.3184855233853007,0.004610592209364041
116,0.0124895265,0.010511533,0.01822247,0.0060697333,0.024465056,120.50804,120.50804,176.77364,130.62427,338.6286,12602,464,0.04677060133630289,0.09465478841870824,0.0044270613737035025
641,0.016019346,0.014470469,0.02190698,0.009423329,0.030755969,155.3248,227.49129,234.24019,155.3248,165.14067,12602,51,0.016703786191536747,0.25278396436525613,0.004222449293406282
200,0.011147355,0.0100734895,0.013073966,0.008189569,0.019916508,46.56641,111.78766,103.90665,46.56641,170.58153,12602,429,0.3429844097995545,0.012249443207126948,0.004201368048769598
440,0.012567282,0.015946379,0.01798302,0.00680569,0.027122179,137.80687,221.85217,137.80687,174.24205,159.63522,12602,119,0.025612472160356347,0.155902004454343,0.003993035748830611
134,0.013450498,0.009951247,0.01469474,0.006522957,0.02226833,98.53614,146.06606,153.82281,98.53614,275.58987,12602,491,0.08017817371937638,0.04899777282850779,0.003928551941706638
967,0.01181088,0.009280582,0.012027862,0.0046374886,0.019243065,14.217775,25.960846,19.078587,29.005783,14.217775,12602,678,0.876391982182628,0.004454342984409799,0.003903750477428187
312,0.010945669,0.011080661,0.014862175,0.008636579,0.021528423,85.09339,184.8481,158.94818,85.09339,135.56306,12602,194,0.13140311804008908,0.028953229398663696,0.003804544620314383
231,0.014690144,0.018700877,0.020598335,0.0088416375,0.031461317,160.57764,232.5669,160.57764,208.34554,162.95345,12602,101,0.013363028953229397,0.27394209354120264,0.0036606961274993667
842,0.011501083,0.009266908,0.013247518,0.00594151,0.019840546,45.748997,113.088646,99.762535,45.748997,186.24753,12602,460,0.3530066815144766,0.010022271714922048,0.003537928879321035
322,0.0120375315,0.011705706,0.017009832,0.0074384976,0.023901049,122.11548,193.56676,164.94023,131.3049,122.11548,12602,200,0.044543429844097995,0.0779510022271715,0.00347220499898314
212,0.012286001,0.010541678,0.01378654,0.006817095,0.02126362,87.51951,124.32164,87.51951,94.19162,133.80609,12602,316,0.12026726057906459,0.025612472160356347,0.003080341863383614
979,0.011610334,0.011807188,0.014084677,0.008765012,0.02173908,98.5699,158.19461,147.82695,98.5699,101.10694,12602,148,0.0779510022271715,0.0378619153674833,0.0029513742491356692
117,0.014295859,0.012858262,0.019083865,0.0077434345,0.027090596,152.81067,223.5461,152.81067,176.64532,165.85815,12602,112,0.01893095768374165,0.15478841870824053,0.0029302930044989854
938,0.011936426,0.010887756,0.0141089475,0.006427069,0.021449566,94.04101,161.33667,116.5948,94.04101,217.10428,12602,341,0.10133630289532293,0.027839643652561245,0.0028211665616738007
783,0.010930293,0.009274268,0.012232334,0.005574616,0.018844452,20.450615,26.409634,20.450615,31.680847,30.100792,12602,516,0.7706013363028953,0.0033407572383073493,0.0025743919921032135
655,0.012720378,0.012987191,0.021646928,0.009537067,0.028267732,163.34277,283.11035,235.57008,192.27649,163.34277,12602,237,0.011135857461024499,0.18708240534521156,0.0020833229993898836
362,0.011726821,0.009023303,0.012910305,0.005633068,0.019637065,45.58248,87.0799,54.11218,45.58248,47.100082,12602,431,0.3585746102449888,0.005567928730512249,0.001996517874415305
615,0.012979848,0.014803425,0.01582626,0.009611769,0.025260411,155.60986,178.01495,155.60986,166.55585,300.68335,12602,126,0.015590200445434297,0.11024498886414254,0.0017187414744966542
46,0.014897836,0.014186357,0.018742256,0.008410649,0.027829308,164.2528,227.94565,168.64226,164.2528,184.78346,12602,100,0.008908685968819599,0.17594654788418707,0.001567452542398103
207,0.011597194,0.009526545,0.013047446,0.0054988503,0.019886825,83.50296,156.72429,83.50296,99.93638,220.27147,12602,413,0.13697104677060132,0.011135857461024499,0.0015252900531247363
922,0.010180227,0.009180348,0.01919655,0.008060912,0.023588628,145.25694,254.68813,227.71854,145.25694,169.89719,12602,245,0.021158129175946547,0.07015590200445435,0.0014843676370652923
233,0.010200708,0.011167922,0.02452992,0.00848846,0.028818293,173.27643,192.58066,257.05548,173.27643,184.26634,12602,237,0.005567928730512249,0.19933184855233851,0.0011098655264606822
299,0.01278894,0.012878348,0.01903268,0.009255797,0.026299272,169.2201,362.66873,320.357,204.4732,169.2201,12602,58,0.006681514476614699,0.13808463251670378,0.0009226144711583771
402,0.021802269,0.014921676,0.025005946,0.011550577,0.03637709,177.60236,177.60236,296.08264,219.14973,212.53674,12602,27,0.0022271714922048997,0.39866369710467703,0.0008878924211685457
359,0.01074239,0.009215283,0.011088376,0.0048532463,0.01797978,20.768654,26.254503,20.768654,30.3646,101.49034,12602,520,0.7628062360801782,0.0011135857461024498,0.0008494501515369467
167,0.010167963,0.008716231,0.012442881,0.0063069123,0.018280739,48.926342,129.32973,97.40257,48.926342,188.68019,12602,601,0.3240534521158129,0.0022271714922048997,0.000721722610502924
12,0.01441645,0.014024147,0.02710791,0.008977521,0.033754252,203.76498,261.11258,284.65466,203.76498,278.9085,12602,100,0.0011135857461024498,0.33853006681514475,0.00037698225703245515
170,0.009365437,0.009747695,0.017325597,0.007415348,0.021975106,165.81783,339.9679,261.3469,176.66783,165.81783,12602,263,0.007795100222717149,0.04120267260579064,0.0003211789624059404
838,0.012076076,0.011964281,0.017597394,0.0110966405,0.0244672,177.1016,237.4743,300.67697,202.35983,177.1016,12602,45,0.0033407572383073493,0.09576837416481068,0.00031993888919201784
961,0.012278995,0.011886648,0.013114211,0.0061644544,0.02154179,163.77005,267.26868,163.77005,199.62576,188.4689,12602,128,0.010022271714922048,0.031180400890868595,0.0003124984499084825
553,0.011657884,0.011227009,0.015505488,0.010681059,0.02241366,173.8678,270.01688,328.27835,244.78137,173.8678,12602,68,0.004454342984409799,0.05345211581291759,0.00023809405707312956
236,0.010407866,0.009843039,0.013578336,0.0070372066,0.01973779,143.1395,336.61478,219.46425,202.77773,143.1395,12602,237,0.022271714922048998,0.006681514476614699,0.000148808785670706
